0,1,2,3,4
-1.819658922448565,-1.469120028265528,-2.873770894734598,-7.310198119786099,-12.488099513612282
0.03477206939997086,0.3680337879467114,0.19529810090611643,1.9999003846789924,2.3484725167077523
-1.3696184558429483,-2.247057412791652,-3.730599342737492,-6.660200113819996,-13.699676057218895
-0.4824145992446073,-0.3115842327777614,0.43650113405012747,-0.7098825679660693,-0.790506760352929
1.1604691508603013,0.5506617605353255,1.830478920579206,1.6937913855449063,4.680436819670252
-0.024653681748213988,0.04809465303950404,0.688888355556443,1.4361231194001904,1.7123857445391055
-0.48257127687769547,0.05546925773759753,2.241800614010035,0.8785682908444202,3.3471489596688064
-1.182204471865798,0.14996331688704023,-0.8118131791686176,-2.39073449520939,-4.201002134551665
1.0099991184196018,-1.0544762380857424,-0.9633259714828879,-0.843300002470311,-3.441179842680435
0.5405520886260624,0.3915745277814153,-0.5127351318498508,0.85346086814887,-0.20319707708617263
0.2618378359994079,-0.8792063082006775,-2.67698018292293,-4.273945207913526,-8.839641998274493
0.5771162213759286,1.5548228354149822,3.4687067796991338,5.347484170755737,10.541773983739576
-0.0610154263445503,2.3052662121334095,2.5537771665206908,5.860335790039861,12.212852724440433
0.8271049545914587,-0.13297632319147645,-0.2091788935202359,-0.5753098785073482,-1.2116847872300593
-0.544766614967286,0.6891328418592279,1.2835819383727458,0.6285792854771581,2.854158441814864
-0.5288814205816118,-0.9126514571768638,-1.4005039617912751,-2.683266034378262,-5.546079959663643
0.5516954346560786,2.190666047990073,1.66014099488441,4.809637826367508,8.128140581066276
-0.25558569052661584,-0.1038766893744891,-0.7033188668155927,-3.042760403075772,-6.148356273668756
-1.3514919577133384,-2.7985395449316,-3.0987126668295555,-7.282577272589006,-15.504678677346545
3.014752365577694,2.622646005901594,6.196960301130554,10.461011189242713,23.030287911657684
0.3386078197823591,-0.5199671855258013,1.6690838001853792,1.3123213390654946,2.867924132433374
0.40521998043524976,1.9398600934847252,2.5349266116956,3.819747607015032,6.669904729288742
-0.3627007372279522,-1.0680439800432315,-1.1963612905556158,-1.9108543104540963,-5.5562230667803725
1.230462740809639,2.5917296289166005,5.109464326300011,6.805276907271467,14.450471340164384
-0.8539825051561947,-0.7864130174905132,-2.149679227602391,-3.0732464357654057,-7.4622081658532
-0.6715990611022538,-0.16769861133015396,0.02607051127562876,-0.7671870866175964,-0.4294926117077631
-1.1942049724523243,-2.16370457404373,-5.0445844984731085,-8.145082273254813,-16.781616958157677
-1.3912772968650942,-2.427258401431456,-4.212803960633078,-6.646540097996297,-16.6294839181109
1.44528332486162,2.132717667845217,3.0415150008306595,7.823787571833024,14.142946907292195
-0.637829930880838,-0.43105226156530624,-2.6642800606789248,-2.722645474554689,-4.6408029089777285
0.8019089345784234,-0.49616548967301566,-0.4528766133907127,0.6796674048353227,-0.6121546565793078
-0.8164606923507858,-0.5748717960626695,-1.756571410689393,-5.407122595027179,-7.116971760029493
0.45248727936916056,0.7431075785078629,0.6541717109294212,1.0237322844540264,2.3644808129126242
0.8209911964991935,-0.22443066794455457,0.27038637778909425,1.0203959054882539,1.8650969136175477
2.6235445238829667,1.2200028172483608,2.517020604613991,6.953243909693618,14.769227602215887
-0.562477294743646,-0.879826285612414,-1.1266358715278688,-3.85968770460902,-6.867477720889323
0.1767462744635774,-0.4567861824278072,0.33115029810074137,0.3638081601668314,-0.46039645958973097
0.4760240950075476,0.7237324912003025,-0.5956596789462787,0.5241985517607295,-0.5238510244721186
0.3374691737528716,0.42446466109498576,-0.2534854117821087,-0.5669966181898181,-0.9790210348994688
-0.8524710728426022,-1.6219290395384305,-1.311122940255288,-3.51966195002351,-7.485720243801271
1.2607379552707894,1.806716600918328,3.8172295602943795,6.338244211252765,13.581252231613869
0.37182624865065866,0.026703492241640925,-0.6668335494456354,-1.7532914293167887,-3.3719738339298813
-1.121359984925009,-1.5300110168697403,-3.3590016181372366,-6.3608227866999805,-13.621956198105442
2.0901539693782123,1.3674716289812747,4.378958285204334,8.833236162359327,17.203722461756712
0.19814757351036083,0.4885990340044237,-0.9852651234743655,1.5375939473116178,1.2419006449994052
-0.04984342970251941,0.40532610480177206,2.549577503728953,1.6713170225829346,4.369798795387338
-0.09573284534736425,0.7420407829435827,-0.1935417798024468,-0.29511064228494444,0.5144812621343253
-2.7989582095519263,-2.7597910311430836,-4.850652427160775,-10.013825528045775,-19.366021081975585
-0.026465253097796616,1.3950756961977282,0.03277196943086835,1.580146881942023,2.917982319052022
-2.1107079472039993,-1.3342383640925972,-2.9141221463962887,-6.7301542438613815,-14.2498992736551
-0.8888038741218871,0.5041188781239501,-0.7719571877342561,0.6296566707027533,-0.8822383921398881
-0.8851249845899107,-0.41239579124237313,-1.9016433052277422,-2.790598590822075,-4.210971219291114
1.642072691903804,1.3171976214147183,3.631261850177533,6.176932297658433,12.470730841785855
-0.43305284366431085,-1.3513895915742444,-2.6378477656981163,-4.05386082067959,-8.702067356335
1.0937639029523871,3.2735318917785468,2.6290210194789005,5.8080594953563995,12.650774868204866
0.02485456526534437,-3.0513793966414515,-3.5471698470321624,-6.834130882666792,-13.33379648410371
-1.4536731160234542,-2.4608022288077116,-4.135826715524637,-6.6115832002375985,-14.02740371379309
0.1273831691107508,1.71598878305362,1.4538692664157193,1.8520894426459618,5.5388306205057365
0.667283767971615,-1.788663009028176,-0.5693911921012994,-2.710943267909591,-4.441256195773921
-0.6916820340086755,-0.9669035944779544,-0.46187269477976733,-2.0045813658679945,-5.958584736101791
0.8182314718685341,1.107039039504805,1.9580418723429238,3.233401950260562,7.985819296372871
-0.6492427680833803,-2.2273479411118684,-1.4460822844888832,-4.874130422657236,-7.889631276873181
2.0364481418969227,2.991154182602521,6.087739223336915,10.282716575324832,20.92273703356844
-0.3129607633002531,-0.7532271214854205,-2.2755683240092006,-2.847759085623619,-6.1364692384024355
0.690149452203056,1.129292130019354,3.2511044125295214,5.0460121086677985,8.586986599049387
-0.7018684292284794,-0.8091765733564923,-1.2255218689258602,-3.125844803036396,-6.0510555036412885
-0.8833450179338527,-0.7703889678114485,-2.1897616107832754,-5.582804259247855,-6.856513917030673
0.501557520088144,-0.21491599280346352,-1.372520468917409,-1.597165840360081,-3.1891435595595925
0.362401685685034,0.4384437742403558,1.7455959967625962,2.8540150049181285,4.500679023098005
-0.4397910030954522,0.7437831996779418,-0.8441484812991504,-1.0721845170668831,-0.46412028748935996
-0.014898338579388635,-1.8727731648178105,-2.861970206766725,-6.216476343884294,-11.691070847056373
0.05664017251862563,1.6693284784829352,1.372296518477498,4.217549354652988,5.598488617451536
1.624145175806013,1.5399980095738233,3.478287930109092,7.119396881452829,12.269544117291238
-1.0412096671035516,-0.8597910615625332,-0.6708697846769696,-3.3625722154369133,-6.236568821914556
-0.2504820528695537,-1.2183713763754613,-2.114203194716268,-3.816533039858596,-7.932897380021807
-1.510618480468253,-0.5541336609807742,-0.07921793637964303,-0.03639813858102192,-1.05285148617235
-0.5109792402040666,-2.3531687643582195,-2.9731747546754077,-7.569127139746608,-12.437975772472404
-1.664264557786607,-1.6662784382091065,-3.6661351304734597,-7.3870886529432465,-15.94146445541061
1.4966546702876982,1.5572634852590665,4.5265453340290165,8.4157832528193,14.739592512268032
-1.3961294133200064,-2.5023512876024947,-5.148736062209326,-9.734855059948108,-17.87436656090485
-0.2999968055079392,-0.30985142855331893,1.2961551200937165,1.5202355189337706,1.731223160463796
-0.6561558135265977,-2.16872202492036,-3.784833400180145,-6.814501676085267,-14.056400374989051
-1.325547620427218,-0.5216312506775402,-2.2446009942505336,-3.9666420114980343,-7.198589910003779
-0.7691645915375962,-0.6117081992907314,-0.5574587137388674,-1.9914191677858928,-4.132534207341081
1.473050862472317,-0.5504363952076046,-0.962846082252157,-1.411705702857524,-1.2956806270379646
1.623904516929682,1.102184255131514,3.3323842569920723,6.11551697140237,12.22820535279606
-1.1089202883696192,-1.3263838251262297,-1.808073051600871,-3.9307484183187116,-9.128484823581628
1.368269554349715,2.06262003700976,2.1350018798530574,5.377989270899146,13.07068425510067
0.4875653817400633,0.7140579379393793,1.231166785478928,4.1627393534554,4.2768576870409785
1.4574177500717718,0.45714428168181964,1.8605131767563847,3.4789668526619875,4.678985365917728
1.167152581166859,0.765348308506651,1.243763589150165,3.0585074030397212,6.618610482874554
0.9070761306643886,-1.1730977095097752,1.8053704007087608,2.247422618736156,4.036349969456399
-1.3820501023087102,-1.152889872553235,-1.8477120175033266,-3.748921601554623,-7.956181393160114
0.8002380456724448,0.22038874960817134,-1.276095650573669,0.15379504296611612,0.08110869929755937
0.8580669759479337,0.49651004049911257,2.255050890131848,1.9516328225860566,4.511399371656056
-1.1387013016638792,-3.0983002719104586,-2.15883847325515,-6.395828354157255,-13.9737774213576
0.0879576162805162,1.3570424814468305,0.9714988507190936,1.8164513721967246,2.502719770722533
0.9757900472854404,0.47297795295910827,1.7320227326998787,2.117869322233455,5.843515557727451
-1.5721676961499638,0.495164106986568,-1.1147732493473128,-0.5678663666216328,-3.0210342934365264
0.4364905083774783,1.3620825987379819,1.5617171314936051,4.418612470758314,8.261818018419772
1.0780384421049047,0.8532636665957272,0.44202373348430934,2.7785630769063796,4.90442886936886
-0.7860857006031505,-0.35251544499070286,-1.850092346807278,-2.37494979644319,-6.928851983296695
-1.1721779387862996,-0.4854234438949382,-2.100197878636365,-3.263137264246924,-10.242629625528984
0.021733168628348547,-0.6863826556067574,-1.3981875409892992,-0.5910993097621624,-1.697283730945499
0.6367473206978598,0.1907122493073642,0.595553494063056,1.3930620960248008,2.909403335492251
0.10701845843827779,-2.043279378230435,-1.398202720961749,-3.8866804756642113,-7.805511914059684
0.7987581029661192,0.3933817633306315,1.2833929527529304,1.0719200333617813,4.373958855759086
0.24745933394530117,1.2023421418845437,2.623564665904805,5.19948171448778,9.407683687586127
-0.47033963721828337,-0.36933658779684686,-2.1618514374694495,-1.8638723682141327,-4.224560138671775
0.5167592415833131,-0.5106511284485571,-0.41557152641475426,-0.22433708445192616,-0.8376427024969456
-0.5263337227115585,1.2261135734724795,-0.08900986976464753,0.23457279356168276,1.5674243173874518
0.05032576927879145,2.001024683316646,0.908080958375528,2.261855548592911,3.2923525480247995
-1.066049598736229,-2.105137710569808,-2.615222905337773,-6.424652622645684,-13.496999827914257
-0.6986281878871297,-0.2961178480866924,-1.1980019629819145,-1.1932003367054569,-2.2053010635305594
0.606938665063159,0.6718758980662538,2.2963248945722983,2.990673886897476,5.626764083612004
0.37978515625461445,0.36916933029896,1.6765611589188782,2.4951145380100876,5.069162682280843
0.509970732696693,2.005338030620559,3.052612169939099,4.749266493401415,10.75572339858632
1.0577725584848858,2.039829757814867,4.239620095205165,8.781156843485155,16.905853430115695
-0.7828632223903254,-0.14768591638378314,-1.4269083465199535,-2.522423455293948,-5.424258181605496
0.019435347697962162,1.3746379025443667,2.247949751742253,3.505304021138307,6.9356107672235074
-0.38703434949588905,-1.4338703668650614,-2.5297203980917145,-3.014966921364114,-6.179120092701847
-0.7645263132312914,-0.7321641540521329,-2.8274597439092464,-3.119042066155516,-5.859579733742553
0.017555956063850717,-0.15732678845294412,-1.675681953050933,-4.427563085728115,-6.672439689407102
1.0252724565501765,0.5981856571020343,1.609821631570666,3.76057493341641,7.291406760099082
0.0457881182042016,-0.9055001260140443,-2.2255692367833046,0.024339351537833842,-4.211233180451538
-1.0528632028327494,-1.8308646042305758,-4.410324489314874,-6.954771885535752,-14.003906677250127
-0.3237999137169105,-0.8998301731627553,-0.9104665332838238,-0.38794354909073614,-2.08994022974153
0.28274453759116674,0.4453282801916404,1.0569771991019752,1.3935942954206377,3.006277827530737
1.8148461657801227,1.7151860450777932,2.9748431831796687,7.1219595584078,13.832551204101435
1.2679440733766745,0.8228597162451606,3.189020781919627,6.437431891892125,11.604305023995854
-0.8584820225861803,1.029083822784187,0.29798558993182855,0.46697942861247865,1.5561547870890169
-0.15024556551560367,-0.5229634909844563,0.46291805404921393,-1.0787205768349257,-0.984276372262782
0.2224677190370091,0.1557079323159915,-0.8648120619357182,-0.5253722068274311,-1.3083171450784683
-0.0978165808561068,2.4518433485343647,3.241648345564617,6.737681564276805,13.553424704041005
0.7881691824663642,0.029035276921959507,2.510333419560559,3.759149001538349,6.48377691469279
0.6999521756889723,-0.12217047642763079,0.2422876455466037,0.610127785994852,0.7035162206850378
0.6722138870615745,1.3690464000393487,1.4538133109422389,2.5113310869960612,6.661144486140135
0.33595402356226645,-1.0813726595186228,0.30442732792544525,-2.8352704950805245,-2.883909965818811
-0.3116862950748849,-0.2655962230640148,-0.9063247465015021,-3.6830338794655995,-4.340482525138051
-0.8003003672444292,-0.18946888217430302,-0.0012864469143817336,-1.827712226726546,-2.0160378268936983
0.27424646926728946,0.6078701461789997,2.817780372728288,4.518565792971624,7.910136736059559
-1.242572072707901,-0.31650046887567185,-3.1532143619286823,-6.312252982673298,-10.894875519425925
0.07217349878891953,-0.48765175898157576,-1.1361321722669473,-0.1710331952188564,-1.483544225338901
-0.9326987952554611,-0.14451900758549407,-1.0192880220227813,-2.770957566776597,-5.26747778107533
-0.37967985411265925,-1.8145470956009144,-2.9058659119727244,-6.364530128181158,-10.334554679706216
0.4830775397761823,0.10047635798995785,0.4480046144699028,1.304745666149253,2.3511242756487856
-0.57121869699364,0.7441229174771035,1.3589832090338188,0.7014470873093167,1.53696009804997
-2.104598690033905,-1.6097808420316835,-3.3364734806046306,-6.121391644605182,-13.793006542597547
-0.5409598408413004,1.1139147265651497,2.229095526633459,5.03653264995071,8.711784297395774
-1.0675551569852515,-1.9286799453434342,-2.593695323115539,-5.98801742563995,-12.286413816292223
0.4346082708195745,-1.4924481139322845,-0.35536421937788853,-2.3985281265377827,-5.474007013303016
0.8676415964796751,1.524240164383806,3.1724849775556145,4.386515245380714,10.199404370187212
0.7121801525346633,1.1150061266978437,0.8859371554169293,1.9073772750547084,3.8058383730704817
-1.3154744240921197,-2.8056569310009483,-4.592403514924994,-9.52377355277377,-18.12219904581584
-1.3547505089204306,-1.728429698385346,-2.670161465794232,-5.853290191285992,-11.978019239994651
-0.4261927821383154,-2.1354919752977253,-1.4908946328723691,-4.367583936425559,-8.273620784062812
-1.0755081199639063,-1.51601446644747,-4.478524577720818,-7.599262054981304,-14.371027827708257
2.125902546481497,2.5414429794566535,4.411124910022128,8.774430967054919,18.4016341587204
0.6992108975237703,1.0576321344186188,2.251831229211346,3.5434873887374563,8.268696355703659
0.44648603961292976,-1.050462563735057,0.1504485102819768,-2.121113255152487,-3.003029358946844
-1.2723194821067558,-1.1053587856082199,-3.6845471048585505,-6.187404117043047,-11.794891774781476
1.3214356978480382,1.932246218362982,5.406329809039778,8.82432495852133,18.064736652605035
0.7694418897969756,2.14688161525738,-0.005202879538233951,5.4356221232768185,6.272715170182989
-0.009108917633046243,-0.1264027530671705,0.39063359493411665,1.0875187572614085,0.5349502840206415
1.0985048162765763,1.6486689140508233,1.997872996358499,4.745179598709362,9.374440222008902
-0.4937057355820457,-0.6825690772847012,-2.224490858886507,-3.7305023402895343,-6.658834272191275
-0.00763551571532962,-0.4028964933789293,0.321558614967844,0.5519116819740231,0.5961599848176025
-2.2369725486368432,-3.8606924982460917,-6.158186967139935,-12.177434040658861,-22.928831311819046
-0.9596398654245373,-1.886840559121989,-3.092889497126395,-4.945837454787663,-11.502805526361742
1.6399516656149602,3.578383405768345,6.249472075377992,12.542806715616736,24.1852777435362
-0.23519344019189595,-0.9900272274065967,-0.2433468849237581,0.4923637705221715,0.9789126832125652
0.22331247386594913,0.1120142329144158,0.8441131723006652,1.7525120423973997,3.670195059971328
0.23916009401348615,-0.2297262288438094,-1.7515821852411144,-1.8854637273870751,-3.311378242480767
0.6342964094038744,0.10302597696711191,-0.08507843826705963,1.3028665021961499,1.6943651495934655
0.756390868872289,-0.01520589841724096,1.086496205046016,1.2146272990277642,3.6738611559448286
-0.24380263013274733,-1.5271371576830768,-2.0486490336736467,-2.630649244459459,-6.725187734356056
1.143071859106221,1.0970407462536564,3.336773766124638,6.623867628625108,11.94773851391314
-0.2755775809627028,2.6134634411188333,3.1378329157122455,6.323704767810257,13.177905810051374
-1.0927101305798677,-0.605713549007057,-3.1140262183268836,-5.446194643652286,-8.7328993341167
-0.6724808323504798,-0.4013528150720161,-1.4537763713500444,-3.195816747412925,-5.586365998433569
-0.35509802928532513,0.2970558816828948,-1.0830843269321209,-0.16996537241928,-1.2318592490103395
1.4126229342831675,1.843070643317192,4.115935660340476,8.107381437944573,16.063715529329848
-0.9433729335496881,-0.8522383587728768,-0.4020842095855679,-1.2500412271829013,-3.6432903824081326
1.3062671751577715,1.1111209782047395,3.8449292586598784,7.489171535411176,15.886642261375968
0.40062430187635256,1.1469031460068262,1.67046587308603,3.296299616742224,7.9058099035928695
0.03365742549652451,-0.7084885938000492,-2.3224386182452794,-3.3077244183108445,-6.683703146761774
0.8175377488632095,-0.1346880681019692,-0.009327898466616968,1.5023999351856059,-0.315772257313371
-0.11604749068763805,-0.5869337917388527,0.15028981937476116,0.5842968937587929,-0.29075476283801094
0.9411120757136637,0.5171103898812042,2.8762111812018425,4.770574904947403,9.255805891014589
0.26707557053270714,-0.2733796613963013,0.08581415048722459,0.5115098752520546,0.5664892406205937
-1.5314175611380239,-2.256115984920599,-6.257425169048203,-11.36768587917432,-20.991131973064014
0.2811807946135245,2.5025814271874705,1.737991242245012,5.399357550387042,10.279150412343347
-0.2566571219363919,-0.6545855458173944,-2.069245563686058,-4.41206947505038,-8.90309329035153
-0.330622847917445,1.63850645630597,1.0246956605011004,2.69886031052974,6.547997952307575
-1.5029943941854218,-1.481200629431744,-3.565268840436241,-7.162250458731074,-13.228998235383465
1.589027362211322,1.787217811659222,1.0205401248946901,5.344320762985415,10.155734337155431
-0.43489460344888337,-2.679112525922466,-1.7862525476341706,-3.623168429566108,-7.388910798231354
0.24144926072135625,0.21549403070956813,0.33622989858602986,0.600749659669532,0.3321876848587555
0.23177472610698893,-1.0529475738012761,0.3031693710029977,1.4239842445645203,-0.4218763557134986
0.40417000079436005,1.0855815447928823,1.138673062861216,3.006516281388447,6.265402235917689
-0.03811737977733438,-0.5544152581380042,-0.40961013434705723,-2.594132138111452,-5.535793036298034
-1.1274391172206688,0.7498194104420524,0.0438608626897406,-0.32144192729457616,-1.4127380157710565
0.3646484468733011,1.478631470629398,1.0616602860090558,2.068510697232461,4.300424711765695
-0.9926951598570991,-0.2884723480604914,-1.6658030436174265,-2.4478558433371926,-4.7796107132118655
1.2727435316034765,-0.0785467064083889,0.654634331312224,4.124809234454381,5.230129254328594
-0.6628946200678159,-1.416243645457084,-0.5164225502169164,-1.7964373307247903,-6.019984031144075
-0.6719664568019604,-1.3517634102577953,-2.1230293392387107,-3.5032979031342073,-6.741833235157166
1.2066426444091753,2.569437536168245,4.08940993717426,10.472440383074426,18.872853348816253
-0.48827315577740654,-1.4659839581790703,-1.8673144075816495,-2.028274792570611,-4.652478994642152
0.09824262288279752,-0.3356266083032683,-0.8961145215038017,-0.47895345715325244,0.05820812713600043
-0.41033955339788897,-0.28286301255634966,-1.726792326085683,-2.940170934321367,-3.1104593948801575
1.8535163213520516,2.827944848776023,4.050507045197823,8.496889746179948,18.20523976654213
0.039578565846908165,0.662573923791195,1.1614004659954136,1.640835067487069,4.587769118028869
-1.652139034263053,-2.04192961238261,-3.3500021827483453,-5.325421781705046,-12.727548751868788
0.8532274070201027,1.7165979873452484,2.490935103654202,3.4008940118746094,8.48609849262862
0.3439070719744606,1.9540832441163836,0.8184897367220134,4.827214633904468,7.118503667553692
0.18461521300021402,-1.0997340135368874,-1.649020683142214,-3.5703558338649826,-5.803250450052662
0.6590522165678045,1.242487784407908,2.3225983325869115,5.370503486594684,9.90685417750299
-0.509628209524232,0.8379084546699574,0.5295512375727336,2.482428267092649,4.400717596228326
2.335942978220252,2.8455728903043243,5.501346542723175,11.153165608917801,22.70088423263327
0.5096557845200885,-0.17948512486829027,-0.41380142091357663,1.4538538583224794,2.3476824387223245
-1.4782246220926605,-1.8428187798930615,-4.160533838018697,-5.7092544125420766,-12.96352595434101
1.0038694250376234,0.18601263602817886,1.800240986812978,3.537044020938093,7.4041019331597395
-0.21827927126781924,0.3439809112512898,2.5792904729023767,1.2052284889793097,5.653826494819432
-0.9433994638715619,-0.9575409368763464,-0.8686363066544476,-1.7862194894495176,-4.372585866912696
-1.0165376036891183,0.41589928726254244,1.4233213029860214,3.6852154469538756,6.269846456494143
-0.05106182427580866,-0.015024161235851131,-0.09415744646978266,-0.3578584312888594,0.39210704057081713
-1.5697700566116413,0.1690797543280682,-1.887370234220782,-5.120380115696382,-9.343804499844518
0.6212140698735497,2.526914598340532,2.1502533138395723,6.092299265469609,12.497467006113332
-0.06173238040008291,-1.2098794105267097,-2.726968645672434,-4.43331919913677,-6.633553539061862
-1.3217314391023982,-0.778417112606215,-2.2975977412429494,-4.559468044220761,-8.708990570145739
-0.7187659994240406,-0.347183081541407,-1.015897573318658,-1.7447674361894814,-4.334122561907976
0.3361175591812093,-0.40349801005181013,0.09982153041334599,-0.0801336094136936,0.3239412439194499
-0.4448997139297151,1.6555267322070761,1.6833342821591042,4.994991604169643,7.343651229068861
-0.7979074450505721,-0.7555919352734467,-0.010333574299075554,-0.5797864966568052,-2.558633677085848
-0.22944380493103933,-1.6357474698565193,-2.911303646055259,-5.437419250653571,-8.903956543087503
1.4596911423003132,2.103100028046878,1.7273697190057629,4.162584248741747,8.655956859438284
1.8029918319020772,0.05271432706747592,0.9941044666375428,1.0864457896463604,5.728432773751171
-0.4332804401535171,-1.6118308954123168,-1.963005348344634,-3.5359467009558743,-6.60183571566657
0.41224205418765675,0.6017453237326998,0.8750697823282095,1.883770124139841,3.584353365844029
0.8816969734009082,2.4303318506881473,3.1308433037859986,7.431623971687971,14.50843398264609
0.602470109508695,2.717445092244253,3.0808512351143356,6.035918636889914,10.749967690420332
-0.24254759001931908,-0.11719962076713816,0.1419293275865121,0.49945824754749224,1.1468666194704256
-0.23412065667406237,-0.08322990017542622,-0.27340222095944244,0.7635662660227858,0.6258845415715137
-0.143913490754761,-1.2907009190988525,-1.5547386780915327,-3.0630755340103817,-6.683622967268414
2.2728942313754286,4.094077531430331,6.527553834410607,11.788187682565486,25.96286861983485
-0.8561962788616567,-1.4268511239672363,-2.1523365540088593,-4.440422926095486,-8.324569923309221
0.8790926976948513,0.7115672983331471,0.9533585342630538,3.8247417216086306,8.450582295904479
-0.5856273725682829,-0.9945002505772833,-1.2815605539983628,-2.311684086632751,-6.128811042155792
-0.8215939685526031,0.1533643497654208,-0.030063746638465227,-0.5569901062016488,0.1961513222780813
-0.1350899247491498,-0.9411240050963069,-1.8492336140096455,-3.324861162484712,-5.815983358622163
0.5521324936918257,-0.20854755831797744,-0.596423271739213,0.902700703788638,1.9232401193133033
-0.14047021192431808,1.8807760755498335,3.5461938174720182,4.94391143305969,11.831690556036769
-0.03706668730281013,0.49492518936443197,-1.6866309792591379,-0.31362479464701243,-2.261572199124077
0.48419704350669673,1.3767809761609233,1.7586507633335389,2.91493304357833,5.917740822869087
0.627972251443462,1.05807633940665,1.305674825120422,4.69214441386125,9.004215291722184
1.9226559118456488,1.820904995488785,4.534926647619018,8.421570419755968,16.613216795294285
-2.628166828033215,-4.0737372455712695,-5.542528563214726,-11.182692954818734,-23.00637696486923
0.45507608997819676,-0.5205746305583308,-1.726884790835307,-2.204638964913276,-4.793650034466987
0.5023135942894291,1.1191417955958247,2.875469262864627,5.3139327615761225,10.436386686895194
1.6066933674626942,2.572949858039453,5.1660443857195615,9.469740622982386,20.117593838801344
-2.278363470059539,-0.5787975874088505,-3.554995561489645,-8.547016148101566,-14.612496112210886
-1.8388909459226226,-1.144049795545238,-1.890121130509192,-3.6749189069488275,-8.449796981626355
-1.1813684921775418,-0.5459053956337447,-1.9068432054803504,-2.37652031577819,-5.519009285688404
0.7266121234312471,1.0061650930482484,3.1719034954995378,6.206281438308931,11.559643421096913
0.6875665025617693,0.3262828427063355,0.5469499941178415,1.1420649153753053,2.670335834748404
2.0511646277420112,2.784201050286671,5.11085442473324,10.787335430097693,21.553147525310667
-0.34421965377397395,-0.9964090144266429,0.2793082432984808,-0.9346395765392792,-2.5989516429289905
0.44632264070086014,0.8346197390803365,0.6327087719320644,0.7860761209473484,2.9923784912833686
0.2780725730311787,0.6019261506647846,1.1593336346388656,2.724257357993997,4.014196327317098
-0.4805036265718245,-1.1349042014069648,-1.598516774653503,-3.2419020931413365,-5.775392303494663
-0.8831641646969439,0.0315819372937961,-1.0791767159158185,-0.6538025180290099,-2.747200061453502
-1.0198690634526573,-2.013971903954128,-3.818996702605706,-7.263651431583112,-14.19406750352078
-2.036300029934651,-1.3443185902273167,-1.7997389316033097,-4.465218960447931,-9.503843811485421
-0.9748567686309123,0.367331259261776,-2.4178648829918004,-4.262924159056427,-9.660399369642356
-0.7318508858852552,0.49708006161243345,-0.11394102173120352,1.9322614526078126,-0.8151661816010773
1.9961041545167604,1.451942021626591,4.821217617750833,7.071626452718189,15.593302213616687
0.6057637907654765,0.7092519476376977,2.0832821142428326,2.3427567390627453,6.122764551549071
1.2481403156841828,1.6669859930160977,1.8197670284057845,4.810506935935824,9.803279295451388
-1.21786166978313,-3.411823160867215,-4.63330855464193,-9.374650947663609,-19.01057036004604
-0.17687811174999668,-0.2471389759534377,-0.3417834809951366,-1.1404017064593828,-1.6315074732486334
0.4632660183949365,1.0895154031560768,3.1721643421396086,3.295757983882953,8.904898449481122
0.39732221357179826,1.560657428685843,2.804664370964755,5.2874142737961805,7.9348076614262055
0.9387389916172747,3.608917527663766,5.993485962070652,9.73497392314581,21.64881571068732
0.20420786459889917,0.30446756977982703,0.4424470825311931,1.2827133755240803,2.9021129285917486
-0.15921385065860547,-0.035060027854910025,0.9097362759791018,1.3993878055030082,3.841182989642445
-0.3460170435652186,-0.2006814697374898,-0.4708581446411302,-1.3025807955799327,-3.3927310539542965
-0.34544919713513766,0.5887043054937857,0.8040357891280049,1.356350071179962,0.7550636465655158
1.036942553085694,-0.6984453542241376,1.656017239042955,2.210181280276588,4.595597717417529
0.25261557941719404,-1.3402758598460036,-0.9954371287663407,-1.6187194065824917,-3.4601110377930757
1.96329279097292,3.2797062817774854,5.098352529186583,10.453590467667203,21.438851201323754
-0.8543298179355264,-1.4319191781284235,-0.8653860941048761,-2.7681002723149444,-6.0851242233129925
0.061137826024353914,0.20190373519471164,1.6368938094748209,1.068893343790466,4.430119952079575
0.40124990698000806,0.07658363742619528,0.3062018038400188,1.0325567158059048,2.2471447843271317
2.4086073902443355,1.1502248345955177,4.174530581588773,8.521220068274463,16.502067053620234
0.4874369988946163,0.06175888488204134,2.3969278183744596,2.0110299999621155,5.910691416854035
2.4100089359740786,1.002168414441487,2.7926626360098465,6.41520162782212,12.458748528408249
0.9570502626553085,-0.12759229252947468,0.5588606954423274,0.830663860425195,1.7104256302992573
-0.2973641520516242,1.3881346592143033,0.12753721363601056,1.9763721112817287,2.564125695982503
0.3526218157556382,-0.009256873779629748,0.06556643429162445,2.205482406029215,3.5789752295681208
-0.015887820742268566,0.7631214876997454,0.26367342136089233,0.22581046269132576,1.3048616676955005
-0.8199470718368925,0.256261481889808,0.05915198571422575,0.26206528660350514,0.3378838890644553
-2.0457843168172465,-2.9320696447408916,-5.140415034961596,-10.798400358527312,-22.20848064525897
1.0977511650076492,2.2181892630838953,3.992047376503153,8.438266485774191,15.043342663259626
1.7068146032269333,1.803063118102289,2.808601972385391,5.634316799350702,12.448284319719422
-0.3841211269805852,0.6625124896551059,-0.32899155860890794,-0.22457717541935546,0.30647467269969125
-0.37690131419654777,2.206582793175976,1.9940074773009162,4.6402137198285764,9.531020773965414
-1.716644217019687,-3.0414388267425725,-4.524410099552884,-8.775243914130208,-20.275768416782622
-0.8126175604942956,0.7178288636405292,-0.0208784982538604,0.19437123008022938,-1.1584854168367444
0.28692923642020074,-0.42820803563516907,-0.0001711559315643596,0.7985266797641941,0.30649723131744777
1.3401862378108562,2.0587189943960036,2.6482183539457527,6.004001093389459,11.561239554693156
0.561415414205482,1.7515271491900002,0.4250711096250701,1.7443170353495479,4.480424605701325
-0.8411466650654283,-0.5646750233700507,-1.2844937791496003,-1.7899513379449687,-4.208748550091181
0.9283651119441354,-0.23692718875961494,0.006843090990446776,0.7374773019767972,1.7064255392748469
0.7728723087355134,1.7894585963148808,2.040336654820229,4.300567769482918,7.3590444162770785
0.7610660791957937,1.693050116276344,1.533158817920307,3.2267219103386804,6.193166195952204
-1.7044249914782863,-2.214012780172721,-4.73638825723571,-8.150315147279146,-17.53730272749542
0.5258430527133312,0.11498339878016328,-0.5359547041992765,1.0435768067535998,-2.547651827262193
-0.9640883690259601,-1.1799573773675247,-2.884409380940953,-4.974871262027925,-11.122481636060858
0.7285660862361069,0.3104362465012523,0.5692803925336445,2.151248342152773,3.0059431810995942
-1.4551299070984776,-1.722111730829575,-1.6030141130484674,-5.037042042882813,-10.616620569857853
1.373681975880038,0.1775884351880357,1.625854580384283,4.048030504349583,7.603308835649878
0.2866640227301824,0.9043773477319443,0.8361304743768556,0.7862606757883603,3.066985875875538
-0.13613611901902473,-0.5160132982902611,1.6583884135068279,0.7456688032665557,2.267530666047479
1.0328465758580117,0.6947716794771461,2.8027776018851975,4.135329094462983,7.813241520076086
-0.7952670870064464,-0.8777125163177856,-1.9986578674274413,-3.93166113482389,-6.950064802806947
-2.014942467504551,-2.9897000873885897,-3.2914547711442776,-10.70058432796779,-18.14685095483143
-0.08823635266566664,1.6329600716185637,1.6084554894841445,3.7777191713618654,7.949623965207307
-1.712084625861626,-2.427502114228023,-3.8789064693436943,-8.47873120085442,-15.60816366521152
0.17151298335090942,0.8696527003774752,0.1312018102481587,0.3431782522738045,3.0543611807457225
-0.018121134468109652,-1.773536891830622,-1.2976462226936887,-3.312143987056632,-5.515087892160218
0.35953552947066103,0.17095297382420818,1.848522405775012,2.0610687047612375,4.672049105992637
-1.3578115787400908,0.0588779984223764,-0.7801746090764039,-3.361829701441482,-6.136416105557116
-0.4051037550851095,-1.4545709609706365,-0.18574369344636277,-2.651807760428263,-5.350201433543376
1.8048319870154725,2.258302154979745,3.3747034346049647,6.052211422459942,12.90184635248147
-0.5565165420007757,-0.3008399056250271,0.37772147934681555,2.176702317921098,1.4268500194867875
1.0728411402199303,1.2031664542848142,4.063450981730365,7.812042748316643,13.598190956116273
-0.6764492270040572,0.9525345749160445,1.0093802379177927,4.448264416388469,6.5430447649409045
-0.7791944597574997,-0.7010384313209377,-2.4625889546955513,-5.282560902169754,-9.187609860829882
-1.257632947367797,-0.17269236117025866,-1.1099611340011375,-3.9621820575502866,-5.963585615967325
0.45289217141503946,-1.8842158520069927,-0.6353791570866001,-0.961813785577281,-2.6546492976003573
0.4662032989582153,0.11651784757447248,1.4069272455297637,1.9408664550852472,4.185425056339143
0.6224754775563839,0.4384329472015279,2.010298278486896,2.5239503909492247,6.349612082221292
-0.27455607723099423,-0.4342835854778877,0.67932664776628,0.6794333451634023,-0.2571294171791759
-1.0929403011623107,-0.6643020752500337,-0.8428287502090341,-2.249160233621766,-3.714008228365468
-0.974330296318959,-1.4133632841634813,-0.2503519384434765,-3.0740772240495566,-5.269799765664084
-0.24539610529099468,-0.19965621388431556,-0.30382899731840973,0.6612025902104564,0.7057486368469318
0.5774263772165364,0.5491637747084349,2.050707011085356,2.3579414398100687,4.6651255310676785
-1.0628262421629946,0.6009148494560022,-0.40348762381157866,-1.8564886824607996,-3.3243898614719236
-0.3909345519593454,0.3701419677933729,2.043546899084956,0.7552556025968549,2.5068209983525898
-1.010929439870774,-0.6955843680928057,-0.6477534580627999,-2.264569595152183,-3.98242250699689
0.7985757399072493,1.3094835960144886,1.5994400997135982,1.7928757464281768,4.669960208021556
0.14145005114721448,-1.7178449384156171,-2.663625278910568,-3.0967606594395605,-7.428294331210174
-0.31541780574444606,-1.1328801416456291,-0.8998944188613618,-3.9250463789699115,-6.046037425109061
-0.8703054770683474,-0.6729787735110293,-1.1111968173891884,-1.4151357608395891,-3.823598256138556
-0.36037242168974937,-0.6651821482489259,-2.4363346493904423,-2.8402569391499486,-6.393451723637185
-0.6970677239150946,0.4576143356303788,-1.3314083641146472,-2.4527656247251266,-5.178641191283931
-0.49241461871806796,-0.18886816528828493,-1.3039843912549527,-2.3696282881598028,-5.48639310105624
1.0965893215650804,0.03411776648408327,0.04823632363105612,2.002997758986318,3.0562731862356864
-0.38889704817186155,-1.417828296055606,-2.844110113547618,-4.573982749046902,-8.148971256708478
1.8715528228565042,2.0375885853761178,3.8856318766128966,7.800050776811275,15.57727120069652
0.1708818887112972,1.48196863960108,3.0491530428425575,4.281241077421956,9.19784192249013
-1.458000548943673,0.022392466271726974,-1.6035960750739073,-1.896405175131969,-5.353484376707868
0.22436938413534382,1.3828846778464636,1.6547312604870859,4.632362745007664,6.522355166324169
0.7441572214323842,0.9919520642519595,2.296702692436218,4.936930290271446,9.928964737364714
1.0014314282202523,1.5338786868485332,2.719793788249297,6.136869210212424,11.076844104206636
-0.46563768624198826,-0.30455531426403176,-1.3389231981713716,-3.5099443885282837,-4.071161994197319
-0.8844294658966309,0.4680282460356483,0.48396314452475697,0.5783853835305874,0.8182351690729857
-0.7042435406099292,-0.4229384610788861,0.2869556888252036,-2.053737584874193,-3.2179566423910617
-0.5090065257437572,-0.6154290717487797,-1.1165640478298493,-1.0989808838315922,-3.85659037891883
0.18821241696522356,0.20018908539879204,-1.4003935677956068,-0.9592686829596386,-3.0806729445332266
0.15632649727295625,-0.08027036264897269,1.2304683558449823,1.4334240809121144,3.6173117321115438
-1.022771872063424,-1.743198038842857,-2.411304170230661,-4.835210580735111,-8.73917583449634
0.6251405182751072,-0.12246761517100713,0.14817452661958863,1.9862199503111144,2.2654076180901392
-0.7121313573991239,0.16484206463164675,0.40628231848133856,0.3473186111954829,-0.7628222613853483
0.23414405289292728,1.1353146758679111,0.7681247696182516,1.70485186226336,4.886042705317105
0.39437977899418974,0.7951461179474784,1.88723106124458,4.540464567002625,9.193501199506143
0.18215811554463807,0.9751745053194054,1.2064747846255985,3.9148349524427983,4.382672670102629
1.195377654938932,-0.1445896680095331,1.4454357931052553,3.2693995659896364,7.10542737982636
-0.5679179920391747,-1.575627954937716,-1.8586762187538564,-4.3344745110848315,-7.082828605730536
0.3892779577559318,0.7869679817549078,0.9565390492445811,-0.5369920536664039,2.614455969399568
0.8100096149218988,-0.2862814430705011,0.005359679614744595,0.8923616358036349,1.8573077613499547
-1.7999884228104501,-2.2280148980909944,-3.203324041181788,-7.25922850648284,-12.75632051709646
0.6984742858787623,-0.4175395094457328,-1.007440918076508,0.8437264314407049,2.3738440600513924
0.8344230711636142,-0.5714071426940186,0.16153462288202353,-0.7849728154629789,-1.80163424279737
-1.1272194196490102,-1.5915744478421372,-2.530953298946432,-7.000604392915041,-12.870810791916195
-0.6290053473163915,-0.7787930467686649,-1.6208706373954516,-3.9861259935808935,-8.091115912226718
2.7737698935296673,3.2614180765345977,6.158201188492804,12.980660285629973,24.792694176893825
-1.0570098654732845,-1.2261617423939568,-2.670030399825662,-6.728100756285777,-12.10221175703405
-1.010676945923847,0.04536412434683523,-2.767224777944843,-3.8475867288145706,-5.108874704253287
-0.5266827900375235,0.7167751323892009,-0.509912307497661,-0.02136592811692689,1.1323548413905968
-0.20455249639589523,-0.2232601601240782,0.4112516193993875,-1.9615141636535414,-1.8873312702336582
0.06392104064304541,-0.11100060092678288,0.5766993906528369,0.9109669062080228,0.6965057635808035
-0.09789590008152838,-0.27714748426707164,0.8424580498131791,0.8621730420299778,1.8596090846508428
0.7900849249794264,1.1204988026888716,2.20219517280347,3.9450024428305577,7.263327412570923
-0.3770449406311733,-0.37658816426978126,-0.45123518320400574,0.5976013637341437,-0.43643172947353526
1.3655936936592852,1.472342456485938,3.648119478905852,8.249359975097333,15.396129144109896
0.5983526952375815,0.3293987853313294,0.4045946785292971,0.7110769970422108,1.5852946603768792
-0.1575810734802303,-1.021282504002505,-0.7923870781739812,-2.273819324986555,-3.438502068435767
0.5983941708526058,-0.3991204454806274,2.4701665768529977,1.379503921561866,5.206017830747574
0.07571060492306221,-0.04983628237115113,0.5773088953325356,1.5246457757905163,3.2270830785783424
1.2161138290090632,0.9602837630216371,2.4381577868341413,4.847769171348902,9.854385507281933
-0.5302582618110174,-0.6116505926777102,-0.3332794066476441,-0.45810369436286846,-2.035226068776975
0.8638716993248989,0.30916654455297354,1.0173917632837757,1.5218817542537006,3.959429590613084
0.4240349450488122,0.822917405375858,0.8474005324988749,3.4184269986332536,5.8657583467628704
1.8710074350411103,2.9663413101795824,4.161424931513162,10.962962805047658,18.432321843634092
1.0651028549170727,1.3160462257902126,2.520057030840609,4.190212432487158,9.694115094736716
0.5653474398392518,1.6852716312250915,1.9985941133977037,2.938920275095161,7.264334094197468
-2.0205692424558666,-1.8288184394711358,-2.9527306803640894,-6.690853970158942,-15.033435133431185
-1.5870063270791765,-1.8147387237719639,-2.1307315101299027,-6.348664044664245,-11.774882977086587
0.18159864277706284,0.555915509671607,0.6796228295932153,0.44441112003121974,-0.5254951627275546
-1.0792504648115342,0.19346093898117012,-2.156533917640871,-3.648073055946283,-4.426102718583159
-1.2240153156817162,-1.8940295200284891,-4.078022044699216,-6.59363324322086,-13.930289639817373
1.0832178601877642,-0.5573951520512137,-0.048370712971442464,-0.3250981138882575,-0.525789188919539
-0.8677704209118542,0.2611553251632506,-1.3199444085489922,-0.17130087799325167,-2.3316059654424284
0.7923581407255399,0.41527125017804617,3.1482337204969513,4.359099820246539,9.212782274298283
1.1553882238950852,0.7630453890683957,1.1741073627156544,3.5604587043482665,5.770856175962845
-0.5428783171019705,0.7322160962016487,-0.9558940696500036,-0.6712664628893885,-1.2055413692262087
-0.35005457511674976,-1.1412821924936611,-1.5722421932906503,-3.031606052523964,-5.850983386236111
0.5457636532956384,1.630616757299146,1.9878636912991023,6.989819646099345,12.58522597477243
-1.0777794576063287,-0.5107345452810036,-1.7465009063027186,-2.9159021577030315,-4.454670699207806
0.9564710477302981,-0.6847887163250582,-0.6705971244493549,-1.5371183226442737,-3.5352399866218756
-2.6536166959724796,-2.8749129483079803,-5.011228110685923,-8.805392201108567,-20.331155503719664
1.2602825134753317,2.683920680167052,5.702805621037601,9.866145744050526,20.507061192175865
-0.3553809701892982,-1.4359991974352884,-1.2473218829099069,-1.8273170463877106,-4.147712501731125
0.26774864741166504,-0.6026835628666776,-0.5668735596395347,1.1553972801457606,-0.5926591330038969
-0.9195791966481675,-3.6273464933662547,-3.139363819829848,-7.362125670873459,-13.90321377968781
-0.11820384539676035,-1.1920940837250846,-2.121596365262037,-3.7061926807170904,-6.351261745438786
-0.5959384521109705,-0.5677089683942106,-1.6464276405640794,-3.13933419598587,-6.805829846888805
-0.6370182669362724,-1.953652806178987,-1.4850692864727983,-3.2820763696854636,-7.868565125382715
-0.6830012086798265,-1.108411825581364,-1.31060137254905,-2.5438132631098593,-6.188170337424851
1.6877793983835216,3.1765279693544324,5.916220148391767,10.587539404112304,20.867854557146853
-1.5720974069706959,0.7585344401709098,-1.5783676490241643,-1.3786985478668476,-3.6918038395711013
0.25440292725409697,0.18689353633354203,-0.41949646414290875,-0.023370129014454157,1.2054689686343807
-0.011275588143409704,-2.0073464580291147,-3.4516914769968423,-5.2586361155780095,-10.964904838100862
2.0199402296313376,1.2532431250107139,1.925904970103979,4.180942004829586,10.194656162250313
1.298466312572531,2.7465943922438445,3.7784504411895945,6.135872137587179,12.787660222130715
1.1128715180745148,-0.7201426887000515,0.8867640465168617,1.4589905456223438,5.104927765450338
0.7202415248828042,1.225020492881418,3.9209359110337716,3.9625561935540583,11.048509627514692
-1.5337248728964021,-0.8853708488241919,-3.0838160563088968,-7.181226144852284,-12.325877404439915
0.797642291891097,1.0923964190271864,2.861352275654556,3.8898360217240975,7.907296256462018
-1.0550921596364462,-0.7622450550014882,-3.563991035620557,-4.939415654584661,-12.229623683210088
-0.9679149281403419,0.29078431610374,-1.1242070253183627,-1.2695744827265099,-2.479910221223419
-1.8470758769416549,-3.9582334475576095,-5.720789679662079,-11.337822593953327,-23.594523740550486
0.8861306991584533,0.1217769729492294,1.1726753595912502,3.070143283809861,5.114426665302254
-0.44801057188842736,-0.24634320522038236,-1.7128885644290925,-3.9555787962885307,-6.194032427014122
-0.032139091656951155,-1.108544909022349,0.5581984942807505,0.7004660149058477,-0.36847774931310495
-1.474040552609919,-2.699191853453537,-2.8974105883402084,-6.328817109787677,-13.0314003052461
0.6607105352076886,-1.0491156875180394,0.47473075135649123,1.3909444531638222,1.1371843321685124
0.3822006035046856,0.7486488900622097,0.28164525271226526,2.13569474778974,3.8384268978543212
0.8556081631374568,0.889171913015294,0.5351532067286855,2.45898413419778,3.673098336066176
-0.5454034263487022,0.9139306725696095,0.39218150593105056,0.9433036356244296,1.4550228606669102
1.2666087659926957,0.06955270407872205,-0.05668614622124801,1.1455427108903162,1.7321613947113854
-0.1264095209999327,1.2865371583626022,-0.9995526396420131,-0.465828086883433,0.6140628614206072
0.35285309212412025,-0.23546124126167306,-0.7983135659890493,0.6835261676335606,0.03494875239975534
-2.006386846679928,-0.842657885906271,-3.4240238235112077,-6.085336570711887,-11.738695035807712
0.567781078879961,0.9967847867907986,1.8443857549794598,3.10298646496836,7.00871059736164
-0.7859202595017825,-0.5313694882213845,-1.2034503376156214,-2.5743699411850334,-4.467852218338726
1.7428333137023846,1.7318888358685418,2.6047984156029322,6.841493425002294,14.788156564258124
-0.14346269710024948,0.06100995114162297,1.3317553521267165,0.2221367236630114,2.6911011515934806
0.857984256052583,2.320221447328516,2.56167417428218,4.712686713038783,9.80897113298564
-0.5732811316952727,-1.1927927732389323,-1.9916662090722232,-6.466678701821827,-9.48761833629552
-1.006445572984139,-1.2660635746875981,-2.3067739487400027,-5.988807764042543,-11.604844906607305
0.30189844146954214,0.6515296191657147,2.719421157581341,3.7782693824003255,6.426603231386903
0.3964169590339116,0.8349274014646189,1.6898453098365538,2.1127871555073563,4.030386687260025
-0.6209599525372299,-1.1925137460364494,-0.5923309677406288,-2.123554975513897,-5.1587611127721456
2.0393906563988584,0.39719247402857527,2.669239646769484,4.94418536190427,9.767705486184628
0.0827982863689307,1.5909875017712458,1.722193673110236,1.9798588266670891,4.291799626382061
0.45953778086104347,1.5606773264202911,3.6566642684304087,6.760805936423939,11.399271480968594
-1.1907925527848433,-0.9766277856152562,-2.64246148580888,-5.380425910772637,-10.205014097084563
1.0448912690335084,1.6381493724818998,1.9955478368620376,4.490367619762333,9.883019093519978
0.6647472738079026,-0.5282577458845308,-1.4540512520884832,-1.376896119838999,-4.354312860633368
-0.10007325535140288,-0.30205867589841323,-0.22747997857136806,-0.6069959209083818,1.067394363992588
0.7792676838725795,0.9807280100636037,1.1158200053815293,2.686143138447998,5.318870281767559
-1.4609367374312523,0.2833985659757752,-0.2852437505847898,-0.8506557184911133,-4.001729065594067
0.718361163663385,-0.6296100304847815,0.5623508474591274,1.799833565505367,4.83005291970428
1.013141333157249,1.7403424932913163,2.5476751162790334,6.307240642652105,11.42275859507497
1.4378858748129337,0.8907674816262234,2.57757987206174,4.96903747471274,9.94885999929116
-0.15216897149279118,-1.5359936726454821,-0.9083907633457698,-2.9216084956009567,-6.418355443698931
-1.4920907550641593,-2.655337767879688,-4.237945741184185,-6.478706706528283,-15.806798544173505
0.7948169921022653,1.8392548675789175,2.3313901845164713,6.25313490015659,11.725388111519049
-0.7155445975272036,-0.128319461197262,1.2945905049784443,0.6905139761273389,1.6567470810819547
-1.51188382228329,-1.8778888471066004,-3.950563358670415,-8.256381615496787,-16.902099542774195
0.30039531834283717,-1.0772363842430355,0.38273052911719474,-0.18893707950079347,-1.4720102551002174
0.03388215037045087,-0.4970847898229825,0.19437778773979542,-1.0688764396438208,-1.4968681068838792
0.3154440535057465,0.34125712722362045,2.1147473741548146,2.393944382822161,4.5498074086072915
-1.2588330684929554,-1.312089937443556,-1.9772328064916853,-6.054706784039812,-9.97595352728767
-1.7348685052262585,-2.139903274100858,-3.6119854955003747,-6.987038653540948,-15.458922316738303
-0.4151943172184337,0.32797526411218336,-0.41225629287764065,-1.8700396924696836,-1.0200515603360492
-0.695158916206865,-0.16104650751462612,0.3608071557924504,-0.7631717383686856,0.09649225126104866
0.020230854504882274,-1.689770332357631,-1.7975662608972316,-3.6844416364496015,-5.989849185522971
-0.2083241913842643,-1.240480880491406,-0.38451443516181305,-1.8560073589866408,-4.273183728027281
-0.26698204259364333,-0.28669384715212964,-0.12120066831262849,-0.33594343883297934,0.48665784096453635
0.6834725276848591,1.186077452509583,2.228040293643249,4.789606966238057,10.105137566173969
1.8884989120251034,-0.12561452871481138,1.1398655315962318,1.2119601969692466,5.709735439735104
1.2629813866887498,2.291598876208535,3.490196982651276,6.913687249250025,14.520200696588322
-1.1556919009805544,-0.5252795288534472,-2.6381957914866563,-5.61983591990985,-9.874229260898614
-1.7404640809055218,-1.6065854260371955,-2.4377633062740434,-6.753374810130067,-12.998496683850306
-1.7059281511470887,-2.4133455182561505,-3.713252855153303,-5.5737573095842405,-12.743680893261798
0.16361051565170864,0.10107444524492443,-0.9362874885909875,-1.2386314408667618,-1.9680796975079304
0.66231626654548,1.0442873484866577,0.6069098575018717,4.511208044486574,6.4406564345318875
0.5693503240991287,0.5748483494629811,1.1983841336530736,0.9887288545884259,5.4362297809595095
1.0816974809489208,1.080121729380678,2.1814199315414986,4.7868317325027325,8.950167003296512
-0.09280805804256197,-0.10582672067646387,1.257026313590533,0.09002430225627756,2.147185277931105
0.11418403348128127,-1.0371630521542043,-0.6100267634725821,-2.124024573436257,-3.9996034355963
1.1286800389709295,-1.0381106304277463,0.8005513070145345,0.6625867312443785,0.903262913390246
1.3204347105002459,0.34148105275053253,1.7838480259582263,4.095537469377459,9.187996820710019
-0.2738467423790785,-2.7578649152625596,-1.2660234732625373,-2.493877789210057,-5.732466712753295
1.2099601749386564,0.8998456141441666,1.489499359389549,2.5068807009906218,6.5472390036080235
1.1195824775161718,2.298684467373172,5.374978425974281,9.646434881856871,17.3955816762658
1.664963746385427,1.8400170973623171,3.290945132527847,6.402403691966184,13.91696320547903
-2.429922714728536,-2.4615743827481062,-3.747018152781969,-7.4265073868626,-15.959150662165104
0.04724021511505581,-0.8091350269442522,-0.9983791976727242,-0.6197337766020838,-3.457941594969366
0.3423596958399872,-0.22003483547128194,-0.25357954675675465,0.3277222738270525,-1.1004993878536198
-0.14183716397834834,1.2181765878418007,0.3570362983769185,2.4835912537940206,3.459021506049722
0.037158087895143105,-0.15808207923149828,-0.6606698479513942,-2.6747481035283176,-3.404889703839427
-0.11771845581121276,-0.8796681167576766,-2.113889944128424,-2.5689529394110036,-4.767701130575132
1.491425496719057,0.9103303052370404,0.3497739509409685,2.3554989945942166,3.619178923927323
-0.7860984315306417,-1.510279439415507,-3.661386041031876,-5.586988536138602,-8.598837415081672
-0.35994701807377444,1.2916927331001,0.018502632244264516,-0.2863930239165904,0.8427812159354486
0.8219908259771688,-0.8053019331921111,-3.1718739124824107,-2.6097825783197326,-4.622252918536036
-0.904181672720667,0.10588474607050646,0.45892071179130856,-0.862007550182358,-1.7431023236841385
-0.18185142590658318,1.524875932236937,-0.5035373272301018,1.391663493202452,2.170492003667062
-0.8328476401807307,-0.884811288460814,-2.7059963039674617,-4.014141646004435,-6.659146692630362
0.5559867106443694,-0.5286278273464513,1.1619628997934301,1.5970863688804924,2.0671863627110274
0.030234191662979554,0.3723802157084747,2.0890339657584103,2.7306212445533506,5.71547858181816
1.446404902532411,1.637331498002088,2.2317739630823312,5.979351952402597,11.195640668192327
-0.9305897932379191,-0.25891167459207287,0.4608530469072909,-0.027192904759544057,-1.7468599451872304
-1.0289222186218736,-1.7863029566569817,-1.0906711157359115,-5.247271082779381,-8.225445006993388
0.011217603148801492,-0.44780061969852614,1.2959022630250623,1.560663896091191,3.776641591177241
-1.2968406807195054,-1.9715399803993874,-4.4760783362611605,-6.209556393571992,-14.596419664848574
-0.051017811729645084,-1.3300210359485725,-1.075517908165855,-2.7198195641746468,-4.825987150001877
0.8021044672078664,-0.7806354886393457,0.20153395615748995,0.5242912282868459,1.6007663938671994
2.9550387830402394,2.948643412199814,5.273832572754216,12.107149462364534,23.15053911550084
-0.05597855450679674,-1.0133448329093842,-0.42263046542033167,-1.408151983599514,-3.0108656413654584
2.443348594843473,0.7314204574536844,3.495040946676788,6.951775712390656,13.838376542556864
0.6592410268153076,1.7563737828012802,3.9471790109211597,5.306578530372909,10.758605687599806
0.584451397093992,1.182890223505956,1.5510634743748528,4.390802271669479,7.29679982229566
1.5663789891163584,1.0779268918988323,2.4853543676291454,3.994387712281959,7.719753933260805
0.8076531372458191,1.3832863082129734,2.5787071742379353,5.952629704612924,11.258267120194771
-0.9795800312016721,-2.237802914973977,-2.1076395142714306,-5.400713970470726,-11.186556427509704
1.2801820596618996,1.356541294297088,3.4783402344442065,7.0710927141427184,15.091780043908717
-0.011754059119597031,1.1853449611036726,0.08931084816037616,0.8079540910153045,2.7476519897254397
-1.2313009588507586,-1.698313528270373,-3.1700859718532337,-5.1219379777229275,-10.606961209387562
-1.7225589086251956,-2.90457927755632,-4.627518953328093,-7.835575706501972,-17.67223497196595
0.507437974196107,-0.10692249794985376,-0.5397490467757038,-0.40154089031658824,-2.5483834170390036
0.9211756019352009,1.6501943759476936,4.350949506798608,6.272644972882162,12.14002830068456
-0.057454689580345615,-0.4355817082121139,-0.948934179596473,-1.111393986658948,-1.653817024877275
-0.20792161583509336,-0.5136601985239422,-0.09146124389653965,0.5497502495670421,0.6284179006425666
0.4374111981217326,0.6425891788434838,-0.7930759910508627,1.4815233797755802,3.067132125392771
-0.5779107951731486,-2.003032577697024,-2.9056375478928587,-7.198162425044423,-12.965088958916251
0.7466326348865046,0.1601843679655669,1.1436460517043254,3.8411963191743164,5.011421875677979
0.7054652098043608,0.13849676916222542,1.0983542560776784,2.689514821834039,4.706029764645433
0.20387469836056285,-1.9012893336582872,-2.111352432841769,-3.467670514726492,-8.894840806883503
-0.38204148222546025,0.0007759841118012978,-1.3235387088806343,-2.7154625475721796,-5.152079576428414
0.6807956063855293,0.17191042774191256,0.5682735285779612,2.467480489005508,3.8248694036548487
0.036821425156423275,1.4935679580577501,1.8575118675147744,3.0072020922171374,7.398527166179439
1.4267364144565464,1.7265242290797436,2.40614570478337,5.440997638070225,11.217727698689954
0.3741696274287578,-0.32931316076472106,-2.1158328029323004,-1.3991257080602524,-3.465397655684805
-0.9127369004419027,-1.382445842766644,-2.231547455571391,-5.715277195438537,-8.529477607809897
0.1355891343246253,0.5685785920633656,1.3945937410260294,-0.5683235655800076,1.2515993759367057
0.8688420354055189,0.47629047534149366,1.2265562270907728,3.3600413092984884,5.517302452155974
2.0949277289316557,3.6397165903900275,5.987650880547942,11.557055495975128,22.445301535409545
1.2644728980799695,1.2351040710438825,2.776208234563671,5.346111818372075,10.476581997088363
0.7047830119442081,-0.11819703185207864,-0.21388454137063173,1.375476696515426,0.7130255526697922
0.2873500615056258,-2.343944839345801,-3.7167027200954403,-6.088168723462139,-12.96455704251646
-0.5293125019089492,1.519441323396813,1.3414403060294795,1.462076521404133,2.890874711830059
-0.042198816357483834,0.154538235573714,0.24709194423820696,0.524862950662375,-0.40075510976120254
-0.39325953183178314,-1.6196166403136234,-1.668918671469681,-4.670982999441164,-8.480136171566222
1.3026389801830398,2.4133636075864233,3.2467720015354447,6.286164043043647,13.20399234406436
1.0445615504967392,0.5302375179965462,2.0529976166013615,3.0396189300913905,8.691833580644015
0.956080042579196,0.3758803360592007,3.754484363503755,5.1270842816267646,10.210735891114501
0.11698885386938516,-1.2611230543651502,-0.7263729344560046,-1.2220088214620732,-1.1955125521373244
-0.61081345315106,0.2736760239113041,-0.3371204990527573,-0.43332940764635786,-1.0361762835082757
-2.0027012093024776,-3.1803944790389904,-4.7449903499864545,-7.172002311215819,-17.062820479443744
-0.13040886189398027,-1.1688537228017042,1.421627449251115,-0.6486321611678332,-0.0970515959204501
0.1876361019906535,-0.6608281543898136,-0.4658407215035401,-2.164261649084428,-2.7397050268757175
-0.08761870219596367,0.19483931550512623,0.5398986690304184,1.2602269825710986,2.8810530473003677
0.24654738026115663,-0.2773713456303146,1.7981457509563004,3.085469045700779,6.178883146332337
-1.6090159559286261,-1.2985448051051298,-4.326517806583985,-7.161344056154552,-13.525564886603023
-0.7121608636646476,-0.7701040352444493,-1.835582591708261,-3.4660005001261953,-8.011975117072858
-1.0628100041687918,-1.4586096872396868,-1.6243048983149087,-4.195811309117638,-8.33851842059703
0.5977979322067707,0.7111864570006935,0.7145775545567045,1.2158821189621505,2.926844958582172
-0.6456874581301787,-0.24910028950285568,-0.7681095780121294,-1.3548417047535175,-2.980188729773143
0.8673399483302205,1.8949030911946378,2.754648135882059,4.345781048778151,10.42018475417999
-0.7765308288181214,-0.09717425143507918,-0.9460424215916601,-1.2413949270633515,-2.4660065893979377
-0.45234239485375194,-1.6844000214184671,-1.9527087119977409,-5.05459247154076,-10.816245151603031
2.5322355601079654,2.752474807443551,5.0238230780306505,10.825148598745024,21.57234883451035
0.8538147204395728,-0.13773332651512227,2.796898508396861,4.793244113129895,8.507137344605013
0.15585971886535996,0.30859565244862364,1.0570492198928862,3.6868733530057227,5.161435500389543
-1.08087579943372,-0.707855018898611,-1.204524501526023,-2.6371193749151502,-7.354012344125428
0.21630340349040447,0.7070331171080763,0.8353003584518933,2.9316949680365143,4.254468956873819
0.3956158846789093,0.7034540875171418,0.2290389023768833,1.8215151642997265,3.273111930214413
-0.6628971422241713,-3.0421313038707063,-3.350311722173278,-5.9078909718988415,-12.891388638047246
-0.2051130815940881,1.4377262384181058,2.460450348861441,4.041450393059311,5.556170064100538
0.09315241352084751,0.2594543948466699,0.4563074982989548,1.3384800208849996,-0.02979151614288389
0.9138932508725127,0.455142307956435,2.4739361512767477,4.89828502700054,8.62873821895536
-0.1235525919664709,-0.23152641761522044,0.5192695065942972,0.6330963440654573,0.16407838281294962
0.716786439333867,1.2634060273683185,3.963625657710171,5.631630329328827,11.62482497747875
-2.021802448939362,-0.6443035259537186,-1.2516173456200774,-4.048465765475045,-8.599154643695629
0.19170797141382792,0.06277645181025743,0.6999831491810764,2.7753699120035638,2.903483319846855
-0.6216061096075882,-2.1877315156952877,-1.5575817412468624,-4.2455332911206956,-7.258480669658155
1.4164935600652047,3.461599125833634,4.692064455004227,9.975291004563335,16.619962074066255
1.9592364009538692,2.165932142033873,4.084172518328258,10.003491498038043,18.98156768509
-1.274209675267624,-1.8793270534402242,-3.707942992725485,-6.811167131384379,-13.27069055111406
1.1916965999300533,0.98492342001909,2.0753508847764413,4.33392283857763,7.311354586081646
0.09481739200233356,-0.5177255657600771,-2.8760425959424634,-3.9462148667123946,-6.561882503774449
-0.8450561961782159,-1.8939993883791588,-3.8014309255555765,-5.623274821365058,-12.331783403553365
1.4669138367565118,2.1799261998813866,6.87467326166332,9.294167100702008,18.88001578803331
0.6372842731409581,0.5163125145781837,0.5821880386878339,1.8469723999879282,2.365030138731365
-1.9479931983787329,-2.083880505743193,-5.983408360450511,-11.404715873632044,-20.298220834176753
0.8944799170019242,0.5028250558365306,1.4882152908999595,2.146647489530741,5.657930130860209
0.4811379374833859,0.3619025746533783,1.7786328135165905,3.140136852378925,5.202288181215285
0.8531562136655844,1.1102293031853707,1.6921753272776905,3.587064640537739,6.892883472135105
-0.546021411967248,0.04401320827817512,-0.5279811173201941,-0.6672664949470759,-1.897622227873516
1.0530660813517219,0.42480606586233693,0.5953962646056126,3.112327162909571,5.6681750979177625
0.09177052864916914,-0.440772629311445,0.35222011699706357,-0.7260361959926325,0.031739572854835085
-1.87541475385646,-1.8466996919930643,-4.711935505141112,-8.514189207230896,-17.283178526801926
-0.8320424937857407,-1.201979169236878,-3.7025334374428738,-4.525135965230259,-8.971921878712351
1.1754092212807363,1.007628103518219,2.0263273393659778,3.8854418305740026,8.545539548581262
-1.8382697973613982,-1.3369557114059358,-3.9443788989368045,-7.0771320987841975,-14.881142277738196
-1.035940854311266,-0.9380814944283873,-0.027478214822020952,-1.4876435082623263,-3.0937738874923415
-1.9091047140818673,-1.0378516662738808,-3.0213811083281854,-5.3949644149550515,-11.303792898283746
1.2508778369814837,1.4513669193809737,2.096783878111295,5.7423137765515255,10.285053565543695
-0.3516568120701255,-1.3424922385965574,-2.2164790335219897,-2.458746746008587,-5.42429728506011
0.14863683120166174,0.19510443775461056,-0.03455940649380873,0.17215040659678507,1.766803635861041
-0.002621977406233802,2.0285410079209103,0.853380905151673,3.5335377098831797,7.281955312900214
1.541801503553123,2.759903001006767,3.9097686014609527,9.182486266479332,16.79642643358812
-1.0262863686196524,-0.6511240897576953,-0.706588456245519,-1.8190741288722685,-4.766665701977967
0.9105962115165661,1.9304807427602628,1.5312814004157402,3.253698014437441,8.50713078186316
0.21360957886347942,0.05123932534414152,0.23201437620349424,0.4094345430704795,1.6050059759784603
-0.6597973039646273,0.0528093476564927,-1.4467640923621876,-1.1323470041966832,-4.2255888784592
-1.4549597543419408,-2.479630363181661,-3.650678396355378,-7.07418209207807,-13.670337578447908
0.6549047418142165,0.9420566979450105,1.9109762108828034,2.9211605359244683,5.130857450184814
-1.8510853445522981,-1.3187815608723708,-4.961496893958099,-6.627715534271924,-16.17513440353299
-0.12552521455240326,0.2191320307538254,1.2076390101943268,2.236467017676048,3.0587401520194817
-1.2576306014236325,-1.9208258882264881,-2.540824547468306,-5.999863704433074,-11.254140440600882
0.8927518090235729,1.2345202433967184,2.7454939374720757,5.781173118848497,11.502512620954354
0.4204289922723497,2.3825921781851025,1.7387819182552522,4.550753180522037,8.530816375575244
0.059883277884015,0.7713559099148711,0.41555890465332546,2.858256154966891,2.9833739270028623
1.1737409973100863,2.4824975308413872,2.66226216362178,7.546735342937312,14.006354375554213
-1.2717684547375436,-1.6640094223371764,-3.4304288457261953,-5.0214159771846125,-11.627690995597808
-0.15989383900180787,0.25469369596833835,1.4663973529638528,0.5454567163373254,1.68685420943996
-1.231130806046744,-1.4361660437662216,-2.809190649123809,-5.635726116298587,-9.72345743086642
0.11047447978603696,-0.11116469983662895,-0.5245408336402533,-2.49098470783348,-2.770644104748386
-0.37226464987504065,-1.0615206282304355,-0.9569331934427834,0.04436933261077858,-1.88680857293987
-1.423568408872421,-1.4473630178431192,-4.60983094764835,-7.024160086411369,-14.66249754729834
-1.3887060628772685,-2.109947413662046,-3.0809805061498863,-7.648333235772439,-14.012224613040578
-0.4206007621849112,-0.45798967221261266,-1.2535755460655884,0.7821563244810501,-0.45277317777454196
0.38725406988071664,-1.3118768455808145,-0.5784819383664932,-2.518602150526526,-3.6064721838866483
1.3713308481701862,1.2357587035115032,4.932303970427997,8.454193412669163,17.905910372784774
0.44382279938792507,-1.742712862418482,-2.63964928172525,-3.8388970931108806,-8.213160911899278
-0.20253710856591503,-0.7943028814112463,-0.6778518301399865,-1.8389750976135428,-4.400572630480581
-1.1912429896938017,-2.512617458881806,-3.626951760551884,-6.429867851518645,-12.294139453810278
0.09674994908599653,-0.1500363521341388,0.45684463170946055,-0.957919050989633,-0.6952748689813139
-0.7908206259882781,-0.5435141239626712,-0.1940345884929482,-0.0899732641115425,-0.8587403046433797
0.07580833997059797,0.29123046721111734,0.8919772989388656,-0.8027076059963887,1.0454772089650504
0.20567547777156797,2.031375229304872,2.4512168921375315,5.496847862877175,10.165575721505194
-0.3238192500996603,-1.4418436714037366,-1.9250598766157454,-3.0323987043902494,-7.485925585907537
-0.05493596640425628,1.1953271358819364,0.8762055743923943,4.7734668124781905,5.717810043961041
0.5907903786415913,0.4115473263559569,1.6304511154634036,3.7264973791095617,5.360546318974722
0.9095534807452191,-0.0027911890229287417,0.34904747591318463,3.3954064755293714,4.840196569997689
0.21952116252239848,0.2109174615150589,0.843260356278232,0.6830701489541552,1.7771419861621616
-0.24893109713244102,-1.1637559399177897,0.41131561411118933,-0.5800384274641036,-2.323265971225249
-1.7682501290181163,-2.059067855034103,-4.6102957395415,-7.843379715453743,-16.80613284446006
0.5397722328564092,0.6655046110213291,1.6255168015338317,1.297719723482566,1.8052302392742927
0.6681943839088973,0.8558545422517843,3.323391552961448,5.825653182247216,11.511287257996846
2.6306138735893665,2.8101965496937997,7.519346993983877,13.416564199629779,26.88194246399273
-0.4747078415017516,0.3683729513988584,-0.6030095466011829,-2.060279640738817,-2.080697118583463
0.010497829062896187,-0.8902296104706241,0.32459063525725496,-0.20852970291898526,-0.859840926871062
0.2470333440518303,0.6413269630368861,1.7325541300141738,1.7673654060956827,5.405079146253117
-0.8574165779362498,-0.3561732418000789,-1.287743452383671,-1.9333465971039394,-1.912598054060736
0.059040254705715674,-0.6293501602828062,-0.6058716018496939,-1.6752405292170203,-2.2772334724253884
1.11003323499005,0.5483913107753396,2.384566107795777,3.6322903800685533,8.58516046294845
-1.6038007347817331,-1.3785553010986162,-2.9871614959637665,-6.135275003133105,-13.005050451576295
-1.151809701045192,-0.7157241880306113,-2.7225592781005776,-4.207867779924304,-9.607862030782528
-0.4235925688771914,1.702520225521602,0.9974107528508993,2.087713746190678,4.294257972795716
-0.03195549354887616,0.933352526984354,0.8028002367947642,1.3807835293930952,1.0315484910629924
-2.065011445683379,-1.3854223303786095,-0.555361135503138,-6.406627397936591,-11.884457307778737
-0.8140414553925165,0.26667975128417154,-1.2777089166242628,-3.8777505761981446,-3.5848512964274506
-0.5652116142962809,-0.8002744549567335,-0.7560981949091363,-3.0968633666142056,-5.559751589231012
-0.11803885297571118,0.7736139833630756,1.8699341240418101,4.207052343981836,7.497629707752604
-0.9410299952167119,0.38089261637714256,0.2612105954480829,0.5120623070748116,0.9974830175415225
0.5523543311563891,0.27384822402048103,-0.8414625354885055,-0.6770548903432264,1.0130913091534608
0.6754167159516643,-0.6478438053694954,-0.7117022607442113,-0.8055218805148278,-1.0872015903477514
0.4441676137289248,0.6665642432593161,0.44919392771950317,2.6885430558020746,5.566291025829206
0.14977063185243578,-0.7465495265059521,-1.1575842595820593,-1.1070262762967198,-2.4993456047841804
-1.2384570404910404,-1.857999767787403,-2.869908898093603,-6.009250645873463,-10.951715831723805
-0.341809588240644,-0.6355813439518991,-0.7355251260240958,-2.0467951770143458,-3.6157999733136057
-0.9150742019681872,-1.3860605132639092,-2.8115900472567885,-4.539811217382262,-9.280482209860644
0.7248525202422135,0.5280419277770405,0.3713754126051835,0.8293894841746355,2.7689915313005224
-0.27608602018887163,-0.05179068072941442,-0.22119913413550635,-1.132598642638745,-0.4802903672789258
0.05926946846726749,-1.3044662511461393,0.3673091626263272,1.241180987989226,0.7055020029944346
-0.1890446618865084,-1.7098548571369463,-2.3006499511510774,-5.059386868787036,-9.979685393240752
-0.06509171090628493,0.9737545781418275,2.255382791404929,4.099610206237371,7.668320189811659
-1.3142873725844737,0.7334781213718906,1.7025168734986837,1.4679356286478722,3.3869091060195977
-2.3300627316047056,-3.193857585521447,-6.114171788771531,-12.593685582389952,-25.251084290585418
-0.5654497545597492,-1.474904408720061,-3.4512392661368816,-5.923617462443632,-11.518906066074644
0.09462289178654881,1.2160646877922547,-0.20783429263636655,0.9494460248133822,-0.4284945053148155
1.1192419405170573,2.421241985218365,3.3080989506307623,8.083416345550534,14.136507494583945
-0.6110023988480109,-1.7754358866418636,-0.5461428037587217,-1.4867759886373897,-4.259276658319615
-0.11378922263728762,-0.6568779002589827,0.16941837768978896,-0.7546149100836779,-1.580527752965461
0.04331516589353614,-2.4257985924600547,-2.141350377104634,-3.5305036119223976,-6.375526014642593
0.8826402966962937,0.8894178603358959,2.4637901728912586,4.2188663316897,11.744298146635831
-0.015738393454864462,-0.16864771065394998,-1.3555969338367504,-1.6084031377943269,-2.1681946036489412
0.09781227768139232,-1.2905550198432298,-0.8979392380951486,-3.138916151443995,-3.012383900960401
0.7570058603287178,1.5019393923529694,2.54955070185658,5.647683359986265,10.182963346539799
-0.33640794597395807,-0.09695200536053106,-0.39263883504323316,-1.77543888211371,-3.3622374486783393
0.36658512529993614,-2.0383420072542773,-0.8591743497114569,-3.2022659275818097,-7.51162515070547
-0.332125425506366,-0.48523394991236884,-0.21213130694566562,1.6860196856346397,1.6515570582896304
-1.4331541577064657,0.49456751131213417,-0.7806265592906747,-2.107555238146627,-4.8985237972861295
0.2982321005263052,0.4805948167115793,1.7015712024256482,0.5882331833540784,4.845599551437292
0.06763994335473016,-1.5859400575126055,-1.7114198561103424,-3.101037437757988,-6.808336440633139
0.01965719455950983,-1.0071027834007948,-2.314783968119311,-4.146660525829616,-8.344604622607736
0.8965663008863696,2.4555417521503387,3.1038869158030504,5.7772823333554895,13.611496407879926
-0.3146122605503245,-0.24410802685780794,0.23924966459966301,-1.7372911945059688,-2.5278470081246436
-0.11361047320032858,0.4239480268172491,0.2212081776117304,1.6081624231561629,0.40890373911029254
-0.7443142817507189,-0.7110562876677506,-1.2341620660895052,-2.586481917806387,-5.192219745472753
0.08695182006155312,-0.23849802673654624,2.0571188529367825,2.1131150561842675,1.8358377086617481
0.6286601198933973,1.2236330034692262,2.376474003791217,3.047871876115904,7.322603142442728
0.4488332414097707,1.6952120205115468,2.3855842397375784,4.113586953667282,9.833243562693804
-0.7221402512597608,-0.6005996771503148,-2.287254024858517,-3.5358641889808817,-8.513416590992222
-0.06392805392840747,-0.2590522184896094,0.10662379392299104,1.200227519624845,0.038358310460629874
-0.517252808378297,-2.339220667443599,-1.4602635641175108,-5.12355118859387,-7.756430111727338
-0.3826795707416338,0.22806233954529803,-0.1648239623153669,0.6789545273010069,0.5494034827579959
-0.006063596084388346,0.8287764153234544,-0.23414996551679312,3.242687820673536,3.0073039010141693
-0.9195843203379255,0.001898456674371718,-1.9400728757117265,-2.3417142307329173,-7.435279701506973
1.324073153228191,1.6855793548589335,2.9831854352314418,6.318400134210961,12.328720219696725
-0.33535193302909355,1.3162761167981156,-0.35037338716689703,-0.28627075779300315,1.551115964412055
-0.20313287839931546,-2.0000729921958467,-1.8963583606792769,-4.225795813293901,-8.383057486595211
-0.9929534501844999,-1.1017965770893823,-3.755858310223539,-6.99836221050245,-13.534376003713659
0.0999830026599711,0.20216778321985118,-0.43343284225526196,0.637576455296736,-0.9577311169984112
1.163192344979683,0.14434179514571843,1.8945804628693241,1.7404470885233263,5.277649975174798
0.7177610923133994,0.47611199758581463,2.719625422425036,5.16844940790742,8.526099661802998
-0.5325368455431484,-1.5525596430271151,-0.8302910841865783,-1.211545349693389,-4.332484663178945
0.777766178317622,-0.21356655452780182,0.4718141232305384,1.067285819244911,0.559516498633617
-1.1199981444717158,-1.4243475973264306,-3.5323315167350247,-4.133618421649898,-10.273168422764416
-0.32994042017265685,-0.25628833378753063,0.7595043236416233,1.0268391298096953,1.1723406506164202
0.1527204285635664,-0.5580701984962272,-0.20570893380505811,-0.547451343598875,0.6973534520067046
0.7664652853667772,1.2331070398321846,0.4457283288264504,1.3662394941865206,4.936624803062844
-0.2217702782833535,-1.6204657384381451,-1.7618232225785608,-2.7569266920160684,-7.871850980948524
-0.0491303796189518,-0.49893162137233493,0.8264880130427902,1.0985332777114372,0.4593906712351037
-0.7069121823203381,-1.12800201550726,-1.59025475755054,-1.8890844281026502,-5.586163083634599
-1.2640266285478934,-3.0815536525369636,-4.832154028646965,-7.879600045114087,-18.15275670516188
-0.2660900278216506,-0.26237652030280956,0.6703964628512604,1.5264740559175578,0.8985808182541357
0.5020561215646995,-0.3430487017609505,0.9438859161943455,1.297241193283868,3.1057239754133112
-0.0829000104475,-0.23045818126166312,0.47513827944115705,-1.7189314559253313,-0.7777583985892548
-0.6079509793992972,-1.955125599892164,-3.2874434816627334,-7.481152310472191,-11.995368210422802
1.3987161528453722,1.0213250264468792,1.5653148996100048,4.894712650499088,7.251525004927993
1.9008323680143042,2.7242596780715225,5.3504720118824745,9.003603028233758,19.211341792395878
0.582753189205168,3.0257842133446378,4.3494649363129385,8.164644218656255,14.818502542285481
-0.27761202260195184,2.2411697183963426,2.796661823291611,5.582095815992716,9.833577839399354
0.0763433328783354,0.4315344414438329,0.7530448394408717,0.9072112565416373,4.193296591029277
0.5306007347021039,-0.05123953617415289,1.0255559151530074,1.0034944421641772,1.5089102470905844
0.03652342764701012,-1.043205817025514,-2.072805276136475,-0.9846381798986092,-3.9694956901571192
1.1957592820762382,1.4800646185219675,1.5285141675343243,5.659105852989248,10.61045867205885
2.191713072407512,2.11714773801955,3.648567367025589,6.576889692908516,14.16347254080031
-1.7806489264887448,-0.9163188403387824,-1.1893444388233305,-5.463364885218366,-10.016015668624465
-1.189656393168602,0.017888316848889918,-0.4198665939007241,-1.3073659143246616,-2.6324378405003337
1.2745977256855257,1.1784402697218068,2.128643465743029,4.876586854816558,9.848014268673996
-1.4664503587264799,-3.1930779276783126,-4.750251149819513,-9.72809686128429,-20.125977781402955
-0.09881500958821841,0.8971102243817005,-0.7066756538559551,-0.2845090447214455,-1.4060577398818594
0.39954399863322415,-0.7089670972188964,-0.5200621123492742,-0.8501508191388073,-0.6262086771775544
0.3014636372100161,0.05340644791787444,0.9855077220421777,1.7375469630069622,2.848766266255904
0.18383813580759992,-1.6793102344598645,-2.4482434215376654,-5.524289378766465,-9.883270019860307
0.46345147952397797,-0.03867938034221746,1.4268909337996531,0.7212751676521398,0.8630400953363313
1.432984413168328,1.2868248005376213,2.4048827810313833,4.376164571187356,9.827199592299507
-0.4050704810619628,-0.1977954339506305,-0.2604351225080789,0.283482455491018,-0.1859238956651596
0.8865171793458185,-0.6970310567456574,-0.3549127779511503,-0.5451808338466306,0.4089758511733075
-0.3438543084922842,-1.3310749511516011,-1.5062927193747238,-4.108785912156744,-7.310680746375079
1.330842427214528,2.0102396538637235,2.5254761119406526,6.538762099862327,12.954219858383894
0.41119957739296253,-0.46246756545691203,0.028974752582812555,-0.5581066977675191,0.411208059817218
-0.12904597008246654,0.11253444871442689,-2.204819361649554,-2.794725620950617,-5.241757177493094
-1.5848334125237649,-0.7787921071027767,-2.8679952774270467,-6.333249013413123,-11.599810338764835
-0.3101706630718732,-0.12898485687979044,0.3228636172314128,-1.0888478670397923,-1.6612107700015066
0.4414362791845688,1.1518160585020139,1.6485566519248738,3.0024152992942006,5.258155170181482
-0.5999734591948113,-0.84289455230781,-2.2819772621267065,-3.860374000942683,-7.095927456614261
0.04285264839144707,-0.3668647099689614,-0.19455987724510576,-1.2645929845760158,-2.149980901671684
-0.6195745257222122,-1.4432323160554237,-2.3618727633015464,-5.012735955743885,-6.710095433664547
-0.38920427907950567,-0.5502684950416856,-1.9934963072102296,-2.7988946789680242,-7.26451349475305
1.3773278122103139,3.5347020067812296,5.509333339977867,10.480036584834728,20.614546516039308
-1.9687128001388556,-2.3927391883779454,-4.080114676460553,-7.3167832732943285,-14.767611066100084
0.26335326414825544,1.0750535384522264,1.3505590029434993,1.4158565857831518,3.749147541947693
-0.544095543334823,0.29394975954649205,-0.5165323274468356,-1.4377344764726154,-1.4709011556972174
-0.4196092005164817,-2.351379722691035,-0.8841758942451559,-5.153320298540988,-9.413502084545774
0.5452686537921557,0.14936016471474356,-0.2624899324775506,0.9722963490445271,0.6237561374409237
0.5261584595474138,-0.9781562552166037,-1.1915676263270332,-2.2311547248891594,-5.759621303367553
0.25987245326797526,0.3880483452545622,1.6197998756729592,2.954357294251338,5.20037667185543
-0.21012886212500484,0.7812860458041246,1.5658018778618215,2.310289459088983,5.3086836997694045
-0.35582801042484513,-0.9724565334188411,-1.6089430179292123,-2.1696486838272024,-5.370296530767893
0.4714568775110829,-1.5317585461641614,-2.33485488874225,-3.7340783426586044,-7.271114626918154
0.9015396084077786,-0.47523968327728416,0.02991028358512432,2.33411222803177,4.3149110462188
1.9315869916068806,-0.12589129658473142,3.377460759586877,4.798440355491248,10.441032051511886
-2.288859026525799,-2.656475723542601,-5.462850440104464,-11.231571311849866,-22.332536737701464
0.08670781664712489,0.659327631628731,0.6140527423201547,1.4430848930117712,1.492036471954384
1.2526416896135741,-0.19670277991092355,1.0466171379680314,1.2901045030041178,5.25355660047012
-1.1448703943221132,-0.835064179340258,-2.5438114279066393,-4.706606167081808,-9.36876136338306
-0.8277093475472141,-2.137938964272886,-2.182366999996188,-5.982332935634054,-11.25593776633013
0.9386615945094324,2.003911464640571,1.5971016871271262,4.02188826604559,8.430386103056662
1.286445345068688,1.1405502877263602,2.5148989091040415,6.341647763382044,12.490540047104137
0.7110575197259306,-0.09088905643716438,1.4006950472415585,1.7644039901342985,5.485456129285116
1.8676185021896907,1.4034226176523734,3.6862863415483194,8.274363452294995,16.2139145307775
-0.7642571198712959,-1.428295314209294,-0.6837735831029808,-3.0783595912233763,-7.255896411964075
-0.2783200317749106,1.0466685533808788,-0.27995615161192,4.231580191981883,3.126752601083252
-0.5352449920334372,-1.1992949712918262,-2.224174176054549,-4.345044668395664,-9.564591049635572
-0.8044811999180803,-2.053260694691226,-3.740811891745572,-5.271826116806123,-11.630428081335232
-2.132609039577638,-1.676670826964238,-4.135157406148025,-7.04348359293516,-15.052307734642984
-0.22395842006733832,1.8350793490405657,0.5389603337171593,2.394972613298691,5.220517576180549
-0.2958246355074733,-0.026477459897820133,0.44948081199436984,-1.0125307564555186,0.19408130914347532
0.627896031886077,-0.7426587131843371,0.9542141732333791,1.1379485650902437,2.4005911944561675
-1.05014414005728,-0.3644597162878628,-1.4602205864109488,-3.5934153775807545,-8.781221085003992
-0.2595223974921323,-0.5763288090337022,-0.6012530882627903,-1.4098346321101294,-3.0535803891069264
-1.929545257946715,-1.911664400153073,-3.2479067107162365,-7.469541989841967,-14.023458698062969
-0.39379066087720527,-0.8335556413267995,-2.6469685222175503,-3.2774858418753636,-8.152089066732078
-0.3408032979077057,0.4514739500963484,-1.0466906037063928,0.05830963029353209,-1.2742332573477517
1.0656880740741164,1.0432406407943413,3.5122365268747298,7.8056972887520555,13.933513416889856
1.626315353361743,0.9952451311306818,4.258386385478882,6.307680941540378,15.01175822468347
1.1669909604206425,-0.5191988357377826,1.5285739841635768,3.7292862452731415,5.520479777437244
-0.10871455522413727,0.3057956519106854,0.0372403373422526,-0.28449259362826285,0.4025241358986055
0.11940441873621631,-0.13973327871637947,-1.9961001384095913,-0.8258094629961641,-2.5473212236763034
-2.090835595725133,-1.7467089864128122,-5.857012688630213,-10.60562093821602,-20.957566626003885
0.5809413183246854,1.1788217678504052,1.8895746036279322,2.8321603435195053,8.154173173869069
0.02486902991482691,0.8352896777103329,1.7502207363966442,1.939679437704581,4.551223459403771
3.1049843580913197,3.285488135920436,8.404065126673604,13.769421968378092,28.682858076443534
1.2997854477749304,1.5702441302593761,2.7523772230522408,7.138964167074749,13.282376178680005
1.2397417148148975,1.2663761436379084,2.221260276489564,5.787236209444867,11.741414130519452
-0.9885617044069378,0.39930641818008195,0.8388131635348461,-0.09422027982350878,-1.0153486152927511
0.03422541854297612,-0.7316003110514822,-0.8213097513078349,-1.6469028985931204,-0.9209672207461952
-1.1414053954404138,-1.3477004890223325,-2.617891698984504,-6.053414485260157,-8.466520048595923
1.087428857863393,1.6111790774917554,3.1822541356115766,7.364281116021078,12.36041244923756
-1.8859208032166976,-1.2944374942727075,-1.7198366041894022,-4.022909252344531,-9.398050068125194
-0.6998903394905891,-2.5349188057136947,-3.0606152872517103,-5.519914798537566,-11.774173743624516
-0.6365941449002908,-0.7563496919401669,-2.338346155634947,-4.1698766185905125,-8.04064342735811
0.7745251193624839,0.17489512921269834,0.46362193310942224,0.5013732856501416,2.082359126175796
-0.22115209595056579,-0.7577609776698147,-2.9367194140165234,-2.993983687412963,-6.454047418870192
0.7039726434403076,0.6278369797372716,1.8967974992134393,2.5230435019492887,5.144433480632538
0.9388103607488594,0.09701301636532822,2.681857230157539,3.3895378303168116,7.50010990752058
-0.17691361759675367,-0.5818622502366426,-0.9134207859645316,-1.4180104389366872,-3.5174987614647173
1.4044648759403522,3.2842686344409806,3.691498213513637,8.113454103062667,16.538052823073617
-2.4063122162334287,-2.460864878327487,-4.993835074136086,-10.605808161103896,-19.945973207356396
1.1445339648669226,1.1408077979748936,2.014675054860175,4.144281066458354,9.609755683588302
-2.080301351848612,-2.454257886778544,-5.841888459717362,-11.531730626645615,-23.501545056740007
-2.652602990842022,-1.7420679697400394,-3.1405653478758144,-8.381003661218852,-14.77433030000401
1.7722079590241269,1.4292591104753836,4.089493719818698,9.268309991263338,16.112872546490003
-1.2421310218182589,0.024789559219178914,-0.17246212354942814,-0.690233686255962,-3.157221291537491
0.2666921558764054,-0.08213389762355416,-0.4525551302691113,-1.3470362836420189,-1.7241612721301511
0.5928229699898396,1.0619077093612843,1.8071573436387058,3.8108754620436733,6.942641712644735
-0.47002117845708535,-0.929112072639205,-0.7797065200956118,-3.005605185735953,-4.478564052205695
1.0873629569663985,2.469913011853378,4.307309986232198,7.902732698529691,15.850196296617755
0.25263788508190843,0.8028288306428087,0.49970234777489597,0.8438522323053396,2.3054966682301954
-0.7184206574516498,0.24382424503148326,-0.43881716201583587,-1.6623576719508746,-2.782349489183922
0.6184558712264352,2.7052141475727893,3.4771647010979114,6.590145016396226,13.447079533991898
-0.045682950726070364,-1.74867744470446,-1.196924850080547,-2.607270277409614,-6.507949581032679
-1.3735402800881855,-0.8053643763719136,-2.672836122240661,-5.192466761864375,-10.475865772164061
0.04031949318343922,-0.4634336080487894,-1.4447622282526607,-1.4435025446900922,-3.1964812558797187
-0.7237020340406126,0.32054537340584366,0.2904789632225441,0.14411003105065462,-0.011890061926446517
0.6001915797321492,0.16472360775917694,2.855019871413288,3.4389024647818363,7.13351861912117
1.9764583318325206,1.930300579592909,3.598999240035061,7.279505135280037,14.543843463813051
0.6251635276952249,0.43824171090989295,1.5701695243240827,3.0793243886718984,6.080452611508995
-0.1312716939634284,-0.2780488970488124,0.5190796072399184,-0.6353631806203093,0.6984653729007395
0.24971659344879998,0.8757019399752202,0.4996126302670376,1.3697091377013386,4.800941866971328
-0.40892557683859454,-1.2518231219664242,-1.5458459370452513,-3.013700315571865,-5.885397604793484
-1.0400337507340183,-0.9566891339331061,-1.1945673580347176,-2.764575078891276,-5.629237426121921
-1.0556897091830193,-3.19785569682689,-3.5369593647401167,-6.946130202024705,-14.201789313896723
1.1155549321359448,1.925036760567572,3.4992598905818477,5.635432006510375,12.752544897960844
1.040440409944714,2.547921135789103,2.507240981015357,5.928036112452508,12.552884288012637
0.501994833194952,-0.06593684996625382,1.7052380948273953,2.275538548231391,3.406667727718937
-0.38680536058460446,1.1097487669949317,1.3144879909833418,2.5202224684557484,2.8242930614302786
-0.23121361594039033,-0.22585281026538734,-1.3895105482548207,-1.760422719124392,-4.63710979200375
0.04730133791623499,0.2689697974560279,0.43441511972456837,-0.2824960527007263,-2.0360749238242812
1.467646351964525,0.49409732007595175,1.8354670642022728,3.2145902653137726,7.732396277336251
-0.5159506004818835,-0.9236210167123979,-1.767800503033217,-3.7767595081875314,-6.517128590865026
-0.9039214997547117,-2.402596620946081,-2.6342602799095483,-5.96168743084951,-10.420504077463862
-0.7188540456547252,-1.0629384946329763,-1.6226766481239987,-4.407992434390743,-7.291738388554618
0.6105103252444474,-0.8495828736680885,-0.7340165763908839,-2.081188710952947,-2.6650894429498018
-0.2641058933950753,0.4586048367233275,0.6582680112760528,-0.7614122101776999,-0.6105710290231117
-0.44902609947968947,-0.5481901082844565,-0.814897710631554,-2.362467921988872,-5.3306663927490305
0.38736177179334924,-0.7697779905570659,1.7187628996007733,1.3560489581003947,1.2786586987908464
-0.017987639804746165,0.16899806948941773,-0.14321650273933376,1.0361370802258727,0.2763328965887948
0.38873474534430996,-0.9648829150819693,-0.5943509884804379,-0.995194196294395,-1.2519146021917131
-1.5347286139600655,-2.0039793031974944,-5.661750992883237,-9.059463112512471,-18.53029520068586
-0.6777686938231,-0.8583118686865223,-1.2238839443344736,-2.207095619770425,-5.416659159292878
-1.021580016604456,-1.1032175746851842,-1.2191461938135553,-1.5663870395175792,-2.9261865319465317
0.4247844960292615,-0.03361425030454329,-0.04489391856370373,-0.5905511577192126,0.4275470465105808
0.15874541835676725,3.153340219678299,3.0392854002307828,6.655192686356339,13.518438546112183
0.40812883535224953,0.3290831963913081,-0.9962559201292732,-1.4696724277653854,-0.4017053930333456
1.3682729909517966,1.4259682942014578,2.342249786706506,5.307391292040251,9.193136606402676
-0.3075345178053951,-2.0472862714684106,-0.890279829314379,-2.473280459782093,-7.4414935263242725
-0.2298279103744771,1.2738777389825657,2.0340333022354393,3.1071559162802296,7.332767576906759
0.6346728834709262,0.5239753509181406,0.5460916132561024,2.6084540447667757,3.1160977688246536
-1.07676626164838,1.2888992335887606,-0.7794013045679306,-0.10114227182393559,-0.1636800501583654
-0.2631444668180785,0.8872013991076475,-0.04816000555433231,0.5577632255431787,1.8546353014598782
0.4944812661063592,2.2116532018691912,4.039027702315629,5.6869156310643385,13.077331836622232
0.3489703916833414,0.32029421091460836,1.1005094390107797,3.1190927029475524,3.863653290923751
-0.8750330538138918,-1.9059336885339513,-3.381526237345984,-6.586142474260074,-12.662405639480255
-0.32586963808830993,0.6726402773807802,0.3191331191257884,0.11438812617298189,-2.0308986053769975
0.10357797241110474,0.16713332121193847,-0.06317448630753203,1.108507798511695,0.45830209519078446
0.6586557773802968,0.9680363333465932,1.5321741809013651,3.249672628240806,7.499317987380778
-1.0421341757709655,-0.18789979166280268,-0.5948597595181939,-1.4229614178550407,-3.149509242972178
-0.062138272010928565,0.6221441344000925,0.1311339284191796,1.6328119014557525,1.7395896451386998
1.7779968139913311,2.0592788844585987,3.8487962249534586,8.379551624016504,16.63254760051125
-2.1697496412032575,-1.8156809158994887,-2.252616791928003,-5.6293230797657134,-12.768026743570305
0.21696112581834423,0.74565089113892,0.9649297690794266,2.6501137702338355,4.449979877698868
0.6189854409703236,1.1309679196927758,0.7580379527816278,2.206830536321255,2.962705563196634
0.5154857733287709,0.6061394428839109,0.4264815017868122,1.5703197603141343,2.9839945779105674
0.4489054840244918,0.6589409375057369,0.3844696606467046,1.595383784745577,1.1276753390192717
1.2609559365374199,0.29218809467915396,1.598412711308525,4.015804413766643,7.94835150615711
-0.26113785314535665,-2.377640577062693,-1.8958930300128314,-4.802545839229284,-10.688780174241916
0.4465118033077492,1.5433196640451454,1.927080244574454,5.275706621996926,10.649158223177132
0.9390974529792658,-1.2860572533029995,-0.994494162392701,-2.48363556589012,-4.703364222235651
0.3998023282455136,1.7251852654084943,1.9433617961862975,3.936204725832839,6.987726036628458
-0.7041474366704442,-1.4983619160898238,-2.4609029147034605,-4.577152296581871,-9.447567421211987
-1.4052596957394383,-2.099679595915653,-4.201887974132852,-7.352925683226665,-15.886310771029816
0.0032579645769711244,-0.7762567763628938,-1.9461470806469179,-3.0397153644256587,-5.290233203891514
-0.02698169898872326,-0.2849992316259488,0.0951514635777655,0.513644709108714,-0.28685538837643704
0.5092089365389146,-0.4616872643291343,-0.011712852473233823,0.9857541491703572,1.2328676262961955
2.4241688855816217,4.045055870040596,7.202321175156355,16.011843472758816,29.923721925725218
0.24071059917789694,0.8256517493237897,0.22508604829588863,1.480839230319363,4.042187320681143
0.7718412989273281,0.5504693042577823,2.516443970348062,4.151076972599092,9.308568626059044
1.1446237220885085,1.8547412115859268,0.2157330852307564,4.595692260385077,8.259712959420902
-0.7542438546146337,-0.5698262726345014,0.19344042020032792,-0.05680805810278078,-2.360051877711187
1.4957832723634448,1.2582282080500706,1.8645093214981987,4.788860996290522,9.905129694018816
0.02314145216284087,0.5943876220741264,-0.060681986577631464,0.9257983261711245,1.9557912863456357
-0.6649098180169931,0.019927567535916957,-1.4852890698773482,-0.5015238881808444,-3.381395294695662
-0.6539943044588411,-1.8115837559611094,-0.824004232034184,-4.095374937116775,-7.130997221626863
-0.38653399508787273,-1.0520976056691085,-2.4692215757731066,-3.750558496056623,-7.565641779107965
-0.1409107337913629,1.1849430026131533,-1.3231062094442125,-0.45209812251055154,-1.1534677873580665
-1.7194090441643808,-1.9609297929637752,-3.0317625849495786,-6.682434209102596,-12.606967854975682
-0.47622584199574525,-0.8175495612514814,-0.8034413889957743,-2.464754300200871,-4.0892069418777846
-0.16817373790950027,-0.3574854911522028,1.042305034515125,1.2467550054936962,1.2298583796188987
-0.6045919236257078,-0.44703312036927106,-2.206699752677565,-3.010791034357779,-6.267179158414165
-0.5040387359912802,0.8971727577653149,-0.2075955253427475,-0.16796591931813465,1.2754456727132204
0.05864409097335512,-0.38241012815216746,-2.4934966350181087,-2.2098575121910207,-5.995589387791487
0.22922158102637857,-1.2484551471864789,-0.8406877277554236,-2.7118011444299284,-5.152363154539622
1.133806836903242,1.6643375001670173,2.091759998335465,5.316117108773208,10.48889928140814
0.49246321158936085,-0.6869026569104342,1.9645180160291114,2.770982141859326,3.18537369511075
-0.2778046168328767,-2.360241796766635,-2.511698711907841,-5.020669269170573,-9.821460497249317
-1.24571387231639,-0.5235152214824116,-1.0992848615070172,-3.543439971046694,-5.824130227737066
0.19669740548553,-0.9470104689607848,0.5450220732467179,-0.28614151971948326,1.0479653273237248
0.6769866006723672,0.4874781739549433,1.8762971418759105,2.2535196062460714,5.925538618730107
-0.01408738591064138,-0.4475800696224338,-0.1088356329734323,-1.7691959870409233,-2.021626169075218
0.5125507292837663,0.9288162983743684,2.3456112810568044,4.479359867220325,8.09445783520647
-1.3392386818596382,-0.5437356002672842,-1.9945359505273335,-2.7415858993879003,-5.6964745222416475
2.5514201784138817,4.225135504358289,7.84358630002388,14.93708566279396,28.946280510838008
0.03248128062598261,0.2875845749969894,-0.21926911593752968,-0.6536438097195164,-0.15958931388459613
0.8927424382196301,1.3626139892623268,2.362959092116924,4.88073050536278,10.141881009904125
0.5052160063376494,-0.6641610374766882,-3.46961067457484,-2.729086518379907,-4.710362111149918
0.47517031682991173,0.1374583906270243,2.4052657365094126,3.5967446087119366,7.0559345210000135
-1.054673873438888,-1.0054389480041293,-2.7305403004790976,-4.920925808200965,-9.605359827114496
1.2676483518995583,1.5734835077955507,-0.48450033539306503,3.077832921047049,5.668509029464229
-1.0117760725413179,0.48048398408362725,-0.01601889444600746,-0.6149660196736093,-1.6139568238075739
-1.391052107818485,-0.22537920199018058,-2.739954670889564,-6.111998746736652,-9.725571975897378
0.32829541879221724,0.9726619618946865,3.282870079849493,4.743501623052416,8.778138940385617
0.7737328574676215,1.1889222778333672,1.33665355269433,4.921606601699866,8.312007035912766
0.8438415407059443,0.9046160889876418,0.1498975223238943,2.5309064886508628,4.958325111928844
-1.1570644068114093,-1.7428929423880772,-3.6435350079044175,-7.555673157915887,-14.53814305890181
-1.4201083846149793,-0.9234623461800044,-2.172094329147977,-4.395810894329791,-9.669008969750067
-0.13238066622107084,-0.4628477023902847,-1.620112017058044,-1.3803509340212594,-3.893842071328626
-1.7302586141828213,-3.80187313379811,-5.476052392921197,-11.95776257515674,-25.901563221756174
2.647807322366254,3.197257164681242,5.79169089274415,11.619134831944333,23.82553191513997
1.042134158294411,2.1673392519383707,3.1513774115856936,5.921932143464669,11.24465162381155
-0.4507931675617584,0.8509575268950587,0.5058389169569414,1.117956022792065,0.9666876862409115
-1.636906557585415,0.05443840367063624,-2.6654759264880417,-3.5748569568529716,-6.316312825551969
-0.1418570773583736,-1.986096706310748,-2.6221298881146224,-3.574937769980417,-8.723648907036893
2.347378105293655,1.0340733263010842,1.6181449865851345,6.970847550635948,12.880730149976431
1.300607369568981,0.7903659619271137,3.654191087332033,6.787275133820989,13.042470851997988
-0.43600109721158015,-0.7148953365269288,-0.934035926313872,-2.267911808143787,-5.14592890800777
-0.09479597892045809,-1.8459123609599328,-2.601970105710671,-5.364051466461988,-9.517048259213768
-0.9324395971954389,-2.0166009337436055,-2.6894361235141697,-5.593879164228756,-10.289635126265383
1.5869719698986045,1.3135711643987527,2.3859897920239193,5.457972224442364,11.231251738824168
0.39820199418114394,-0.4082192269509926,0.010087949496050325,0.07144543178141646,2.1711296559139543
1.6116308443699472,0.2556293215507015,1.127906191828617,2.825690770585369,5.549088112867772
-0.045625640025465944,-0.6330217944476012,-0.948903154192023,-2.5817120304446246,-5.5788697753745025
0.2529506072623554,0.2823331734157723,1.7924098085086255,2.500144737923903,6.485907629314164
0.5350539264895069,0.37519682394745185,1.8094517551975196,4.527342438671071,8.238462185706709
-1.285653601958779,-0.5377598418474064,-2.8938161031412775,-4.496190242984761,-8.322330095434475
1.1544482996734375,1.4028930885052835,0.940372997751552,3.481084255146366,7.1226644586129435
-1.30299798439688,-0.11957401120570599,-2.993739037857626,-5.808158820809572,-10.284763553859065
-1.3832730128252946,-1.8800315996580377,-3.5039526790783673,-6.271082360003655,-12.746938216189857
-0.37816589129847883,1.2006974326287385,1.6736423974093553,1.9321999821981564,2.7005706246341408
0.01962617941092411,0.32078258600018456,1.3639042633115879,2.727802736703749,4.262486093278037
0.8488382736619287,1.7422392576822718,2.1977747579644036,4.786416574266241,10.545198010763514
-0.5495744796148415,-1.1183114857189287,-0.5679755612504824,-4.870920404844146,-6.709718071925884
0.4136962238029134,0.5869617527225188,2.1270994215449774,4.584273955276167,8.438758010357384
0.5840514808639408,0.27394885003475605,1.5411045148824596,1.57347262663145,4.890491458303686
1.1935625632057751,0.5904573432028043,2.552081716109876,5.265249072098909,9.18055490327074
3.0537678862360784,2.702836478972562,8.289819780871014,13.28759736371556,27.723061705543977
1.245861603533827,1.644237876841498,2.3914271791373913,4.802034004137553,9.965270112932403
-0.2643461491444846,0.11375578696877442,-0.4515997460749923,-0.25206989778715705,-0.18334541008920135
-0.5881779705235666,-0.9577734425415401,-0.8031587997073514,-3.4861886469484094,-5.489565311417552
-0.9538097899810157,-1.0291611491431842,-2.686113131284661,-4.915514387796668,-9.679120653302686
-0.4386037602961227,-2.74740957907351,-3.1073416625351933,-4.569047776993864,-12.904043720924088
-2.7322575911415132,-3.112614290178515,-4.862297929373917,-10.198251039422685,-21.012138507428222
-2.4002216855360845,-2.8609920957415986,-5.034581199084159,-10.156018976852453,-18.844701954108206
-2.1396264086961603,-1.1971325577543488,-4.64051726020606,-7.489483041969406,-16.1845232879242
-2.154358503258966,-1.7345229823507489,-1.7341945232740241,-4.921439251622474,-11.08795173677111
1.1741566697475199,2.2508937440928127,4.197913213679245,7.572341504467446,15.823762111292648
1.0673129102743257,1.0584860781148755,2.942061508377824,6.862839517523478,12.877090561918568
-0.9381093028372239,0.6809139325801511,-1.2902225348764411,-1.2097497886013047,-2.8807802444070374
0.5219566488756038,0.7307635043997711,1.614594082809077,2.6140770093200434,4.999544916942527
